,Marital status,Application mode,Course,Daytime/evening attendance,Previous qualification,Mother's qualification,Father's qualification,Mother's occupation,Father's occupation,Educational special needs,Debtor,Tuition fees up to date,Gender,Scholarship holder,Age at enrollment,Curricular units 1st sem (credited),Curricular units 1st sem (enrolled),Curricular units 1st sem (evaluations),Curricular units 1st sem (approved),Curricular units 1st sem (grade),Curricular units 1st sem (without evaluations),Curricular units 2nd sem (credited),Curricular units 2nd sem (enrolled),Curricular units 2nd sem (evaluations),Curricular units 2nd sem (approved),Curricular units 2nd sem (grade),Curricular units 2nd sem (without evaluations),label_value,score
3,1,8,15,1,1,23,27,6,4,0,0,1,0,0,20,0,6,8,6,13.428571428571429,0,0,6,10,5,12.4,0,0,0.0
4,2,12,3,0,1,22,28,10,10,0,0,1,0,0,45,0,6,9,5,12.333333333333334,0,0,6,6,6,13.0,0,0,1.0
6,1,1,12,1,1,13,28,8,11,0,0,1,0,1,18,0,7,9,7,13.3,0,0,8,8,8,14.345,0,0,0.0
7,1,9,11,1,1,22,27,10,10,0,0,0,1,0,22,0,5,5,0,0.0,0,0,5,5,0,0.0,0,1,1.0
10,1,1,14,1,1,23,14,6,8,0,0,1,0,0,18,0,6,6,6,12.333333333333334,0,0,6,7,5,14.2,0,0,0.0
12,1,1,16,1,1,13,27,5,10,0,0,1,0,0,19,0,6,6,0,0.0,0,0,6,0,0,0.0,0,1,0.0
13,1,17,11,1,16,1,1,5,8,0,0,1,0,1,21,0,6,7,6,10.571428571428571,0,0,6,8,5,11.0,0,0,0.0
22,1,1,12,1,1,13,14,2,2,0,0,1,0,0,18,0,8,12,7,12.857142857142858,0,0,8,12,7,12.857142857142858,0,0,0.0
36,1,12,7,1,8,19,27,1,1,0,0,1,1,0,43,0,5,0,0,0.0,0,0,5,0,0,0.0,0,1,1.0
49,1,1,10,1,1,22,28,10,10,0,0,1,0,1,19,0,6,7,5,12.333333333333334,0,0,6,7,6,12.833333333333334,0,0,0.0
50,1,12,11,1,1,13,28,10,8,0,0,1,0,1,24,0,6,6,6,13.666666666666666,0,0,6,6,6,14.166666666666666,0,0,0.0
56,2,4,11,1,3,1,3,5,4,0,0,1,0,0,39,0,6,10,0,0.0,0,0,6,6,0,0.0,0,1,1.0
65,4,13,12,1,12,1,1,6,6,0,0,1,1,0,29,2,7,10,5,11.9,0,1,8,10,5,11.0,0,1,1.0
75,1,8,9,1,1,13,14,5,8,0,1,1,1,0,18,0,5,8,3,10.333333333333334,0,0,5,11,3,10.857142857142858,0,1,1.0
82,1,12,4,1,4,3,3,5,3,0,1,1,1,0,24,6,12,17,6,12.166666666666666,0,7,12,14,10,13.3,0,1,1.0
92,1,6,8,1,1,1,1,5,5,0,0,1,0,0,26,0,6,7,2,12.0,1,0,6,6,0,0.0,0,1,0.0
96,1,1,15,1,1,22,1,6,6,0,0,1,0,0,18,0,6,6,6,13.666666666666666,0,0,6,6,6,13.333333333333334,0,0,0.0
101,1,1,2,1,1,1,1,10,11,0,0,1,0,0,20,0,0,0,0,0.0,0,0,0,0,0,0.0,0,0,0.0
105,1,16,5,1,1,3,1,3,9,0,1,1,0,0,20,4,10,12,10,13.0,0,5,11,11,11,12.272727272727272,0,0,0.0
110,1,1,10,1,1,22,27,7,8,0,0,1,0,0,18,0,6,8,6,13.857142857142858,0,0,6,6,6,15.0,0,0,0.0
113,1,1,15,1,1,1,28,5,8,0,0,1,0,0,18,0,6,6,6,12.666666666666666,0,0,6,7,6,12.571428571428571,0,0,0.0
120,1,8,11,1,1,1,1,5,6,0,0,1,0,0,21,0,6,12,3,11.0,0,0,6,12,2,11.0,0,1,0.0
121,1,1,9,1,1,13,14,10,8,0,0,1,0,0,19,0,5,8,5,10.8,0,0,5,9,4,11.25,2,0,0.0
125,1,8,13,1,1,1,1,5,6,0,0,1,0,0,19,0,7,12,5,12.1,0,0,7,0,0,0.0,0,1,0.0
126,1,15,6,1,14,22,27,10,10,0,0,1,0,0,20,1,6,7,6,14.166666666666666,0,1,6,17,5,13.77777777777778,0,0,0.0
130,1,1,12,1,1,13,14,6,9,0,0,1,0,1,18,0,7,9,7,13.2375,0,0,8,9,7,13.742857142857144,0,1,0.0
135,1,1,14,1,1,1,28,4,10,0,1,0,0,1,19,0,6,7,5,12.0,0,0,6,9,4,12.5,0,1,0.0
136,1,8,14,1,1,13,14,6,6,0,0,1,0,0,20,0,5,7,4,12.2,0,0,5,5,4,11.5,0,0,0.0
139,1,9,12,1,1,13,1,5,9,0,0,1,0,0,18,0,7,8,7,17.125,0,0,8,8,8,17.5875,0,0,0.0
140,1,1,12,1,1,22,27,10,10,0,0,1,0,0,19,0,7,7,6,12.666666666666666,0,0,7,7,6,12.666666666666666,0,0,0.0
155,1,1,16,1,1,23,27,7,7,0,0,1,0,0,19,0,6,8,6,12.0,0,0,6,10,4,11.5,0,1,0.0
158,1,1,10,1,1,13,1,10,11,0,0,1,0,0,20,0,6,10,4,11.0,0,0,6,9,6,11.833333333333334,0,0,0.0
165,1,8,15,1,1,13,27,8,8,0,0,1,0,1,19,0,6,6,6,12.5,0,0,6,7,6,13.0,0,0,0.0
169,1,14,10,1,1,13,14,5,9,0,0,1,0,0,21,0,6,13,3,12.0,0,0,6,12,2,11.333333333333334,0,1,0.0
171,1,8,13,1,1,22,27,4,11,0,0,1,0,0,20,0,7,8,7,12.457142857142856,0,0,8,8,8,13.5625,0,0,0.0
195,1,12,17,0,15,13,1,4,5,0,0,1,0,0,27,0,5,0,0,0.0,0,0,5,0,0,0.0,0,1,0.0
200,1,1,6,1,1,1,1,5,8,0,0,1,0,0,19,0,5,9,4,13.75,0,0,5,13,4,14.333333333333334,2,0,0.0
204,1,8,10,1,1,13,27,10,9,0,0,1,0,1,18,0,6,11,5,11.142857142857142,0,0,6,11,4,11.25,0,0,0.0
208,1,1,6,1,1,13,1,9,8,0,0,1,0,0,19,0,6,8,6,13.857142857142858,0,0,6,9,5,13.4,0,0,0.0
210,1,1,12,1,1,23,1,8,5,0,0,1,0,1,18,0,8,8,7,12.642857142857142,0,0,8,8,7,12.642857142857142,0,0,0.0
220,1,1,9,1,1,23,28,8,8,0,0,1,0,1,18,0,5,7,4,13.0,0,0,5,8,3,12.333333333333334,0,0,0.0
221,2,1,16,1,1,22,27,6,8,1,0,1,0,1,19,0,6,6,6,13.333333333333334,0,0,6,6,6,14.5,0,0,0.0
227,1,1,10,1,1,1,1,10,10,0,0,1,0,1,20,0,6,6,6,12.0,0,0,6,7,6,12.857142857142858,0,0,0.0
228,1,12,14,1,1,19,24,1,1,0,0,1,0,0,28,0,5,5,0,0.0,0,0,5,5,0,0.0,0,1,0.0
232,1,1,14,1,1,1,3,5,4,0,0,1,0,0,19,0,5,5,5,13.0,0,0,5,5,5,13.2,0,0,0.0
235,1,1,10,1,1,23,27,10,10,0,0,1,0,1,22,0,6,6,5,12.6,0,0,6,6,6,13.0,0,0,0.0
243,1,12,9,1,1,22,1,10,2,0,0,0,0,0,25,0,5,5,0,0.0,0,0,5,9,0,0.0,0,1,0.0
245,1,4,12,1,3,13,28,6,4,0,0,1,0,0,23,0,8,8,8,13.22,0,0,8,8,8,13.22,0,0,0.0
247,1,15,4,1,14,22,27,10,11,0,1,0,0,0,29,0,6,13,3,12.75,0,0,6,8,3,11.333333333333334,0,1,0.0
254,1,8,9,1,1,1,1,5,5,0,0,1,0,0,18,0,5,8,5,12.4,0,0,5,6,5,10.8,0,0,0.0
264,1,1,10,1,1,23,14,10,6,0,0,1,0,0,18,0,6,6,6,12.833333333333334,0,0,6,6,6,12.0,0,0,0.0
265,1,1,15,1,1,3,1,2,4,0,0,1,0,0,18,0,6,11,4,12.25,0,0,6,10,3,11.666666666666666,0,0,0.0
269,1,1,12,1,1,1,1,10,10,0,0,1,0,1,18,0,8,8,7,13.671428571428573,0,0,8,8,7,13.671428571428573,0,0,0.0
273,1,1,12,1,1,5,1,3,6,0,0,1,0,0,19,2,7,8,7,12.67,0,1,8,8,8,13.55,0,0,0.0
275,1,8,12,1,1,10,1,5,11,0,0,1,0,0,18,0,7,7,7,13.685714285714283,0,0,8,8,8,15.3875,0,0,0.0
276,1,13,16,1,1,22,28,4,4,0,0,1,0,0,20,0,6,8,5,11.0,0,0,6,10,3,10.666666666666666,0,1,0.0
296,1,8,15,1,1,13,28,10,9,0,0,1,0,1,18,0,6,6,6,14.166666666666666,0,0,6,6,6,13.666666666666666,0,0,0.0
302,1,1,12,1,1,13,14,5,10,0,0,1,0,1,18,0,7,9,7,15.116666666666667,0,0,8,9,8,16.168888888888887,0,0,0.0
303,1,16,14,1,1,13,14,6,6,0,1,0,0,0,18,0,5,6,2,12.5,0,0,5,6,4,10.25,0,1,0.0
311,1,8,16,1,1,19,24,1,1,0,0,1,0,0,21,0,6,12,3,11.333333333333334,0,0,6,10,3,11.333333333333334,0,1,0.0
317,1,1,12,1,1,26,14,4,6,0,0,1,0,0,19,0,7,7,7,13.694285714285714,0,0,8,9,8,14.355555555555554,0,0,0.0
334,1,1,10,1,1,19,27,5,10,0,0,1,0,1,18,0,6,6,6,12.166666666666666,0,0,6,9,6,13.666666666666666,0,0,0.0
336,1,4,16,1,15,26,3,3,2,0,1,1,0,0,40,0,7,8,7,15.0,0,0,7,7,7,14.571428571428571,0,0,1.0
345,1,1,15,1,1,13,14,8,6,0,0,1,0,0,18,0,6,7,6,13.5,0,0,6,8,6,12.5,0,0,0.0
348,2,12,10,1,1,22,27,10,10,0,0,1,0,0,44,0,6,8,6,13.0,0,0,6,6,6,13.833333333333334,0,0,1.0
355,1,8,6,1,1,13,1,5,6,0,0,1,0,0,18,0,6,7,6,15.0,0,0,6,7,6,16.428571428571427,0,0,0.0
360,1,8,16,1,1,13,28,5,2,0,0,1,0,0,18,0,6,7,6,11.666666666666666,0,0,6,10,6,11.833333333333334,0,0,0.0
368,1,1,16,1,1,23,27,29,46,0,0,1,0,1,19,0,7,8,7,13.857142857142858,0,0,7,8,6,13.666666666666666,0,0,0.0
380,4,12,12,1,12,23,14,6,8,0,0,1,0,1,26,0,7,13,5,12.74,0,0,8,12,6,10.978571428571428,0,1,0.0
386,1,1,16,1,1,22,27,10,10,0,0,1,0,0,18,0,6,6,6,13.666666666666666,0,0,6,9,6,12.333333333333334,0,0,0.0
392,1,1,15,1,1,18,27,8,8,0,1,0,0,0,18,0,6,8,5,13.0,0,0,6,8,5,11.4,0,1,0.0
404,1,8,12,1,1,22,27,6,6,0,0,1,0,0,19,0,8,8,7,14.731428571428571,0,0,8,8,7,14.731428571428571,0,0,0.0
405,1,1,2,1,1,1,14,4,10,0,0,1,0,0,18,0,0,0,0,0.0,0,0,0,0,0,0.0,0,0,0.0
406,1,4,5,1,15,1,14,4,10,0,0,1,0,0,21,9,13,14,13,13.615384615384617,1,6,12,12,12,14.25,0,0,0.0
410,1,1,12,1,1,13,14,8,8,0,0,1,0,1,18,0,8,8,7,14.654285714285717,0,0,8,8,7,14.654285714285717,0,0,0.0
415,1,1,6,1,1,22,27,12,12,0,0,1,0,0,18,0,5,5,5,14.0,0,0,5,6,5,15.4,0,0,0.0
421,1,13,17,0,1,1,2,5,4,0,0,1,0,0,30,4,7,9,7,14.142857142857142,0,1,5,5,5,14.8,0,0,0.0
424,1,8,13,1,1,13,2,6,4,0,0,1,0,0,20,0,7,7,7,13.785714285714286,0,0,8,8,8,14.1,0,0,0.0
426,1,1,14,1,1,23,28,4,8,0,0,1,0,0,19,0,6,8,6,13.5,0,0,6,9,6,13.571428571428571,0,0,0.0
435,1,1,12,1,1,13,14,6,6,0,0,1,0,1,18,0,8,8,7,13.814285714285717,0,0,8,8,7,13.814285714285717,0,0,0.0
443,1,1,12,1,1,13,14,8,9,0,0,1,0,1,18,0,8,8,7,12.694285714285714,0,0,8,8,7,12.694285714285714,0,0,0.0
445,1,1,10,1,1,22,14,10,4,0,0,1,0,1,19,0,6,6,6,13.0,0,0,6,6,6,14.166666666666666,0,0,0.0
446,1,1,12,1,1,3,1,3,2,0,0,1,0,1,19,0,7,8,7,14.4125,0,0,8,8,8,16.05,0,0,0.0
447,1,1,12,1,1,1,14,8,8,0,0,1,0,0,18,0,7,8,7,12.92875,0,0,8,8,8,14.0625,0,1,0.0
463,1,12,9,1,12,3,1,4,6,0,1,1,0,0,24,0,5,8,5,10.2,0,0,5,6,5,12.2,0,0,0.0
465,1,14,3,0,1,3,3,3,4,0,0,1,0,0,27,7,10,10,9,11.444444444444445,0,4,11,11,5,10.8,0,1,0.0
469,1,8,10,1,1,22,27,5,10,0,0,1,0,1,18,0,6,10,5,10.571428571428571,1,0,6,9,5,12.2,0,0,0.0
476,1,1,13,1,1,13,14,10,10,0,0,1,0,0,21,0,2,2,2,12.5,0,0,7,0,0,0.0,0,1,0.0
477,1,4,12,1,3,19,24,1,1,0,0,1,0,0,28,0,7,0,0,0.0,0,0,8,0,0,0.0,0,1,0.0
480,1,1,12,1,1,1,1,5,5,0,0,1,0,0,19,0,7,10,6,11.614285714285714,0,0,8,8,8,14.0375,0,0,0.0
481,1,9,12,1,1,1,14,2,2,0,0,1,0,1,18,0,8,8,7,14.314285714285717,0,0,8,8,7,14.314285714285717,0,0,0.0
484,1,1,12,1,1,1,14,10,6,0,0,1,0,1,20,0,7,9,6,12.766666666666666,0,0,8,10,7,12.128571428571428,0,0,0.0
488,1,8,12,1,1,22,27,10,8,0,0,1,0,1,19,0,7,8,7,14.70625,0,0,8,8,8,14.4775,0,0,0.0
492,1,1,12,1,1,1,3,4,3,0,0,1,0,0,20,0,7,7,6,12.6,0,0,7,7,6,12.6,0,0,0.0
504,1,1,12,1,1,22,1,8,8,0,0,1,0,1,18,0,8,12,7,11.721428571428572,0,0,8,12,7,11.721428571428572,0,0,0.0
507,1,1,15,1,1,13,1,10,4,0,0,1,0,0,18,0,6,6,6,12.666666666666666,0,0,6,6,6,13.666666666666666,0,0,0.0
512,1,12,14,1,1,19,24,1,1,0,0,1,0,0,28,0,5,6,4,12.5,0,0,5,7,4,11.75,0,0,0.0
527,1,12,2,1,1,3,1,3,11,0,0,1,1,0,24,0,0,0,0,0.0,0,0,0,0,0,0.0,0,0,1.0
528,1,12,9,1,1,22,27,10,10,0,1,0,1,0,26,0,5,5,0,0.0,0,0,5,9,0,0.0,0,1,1.0
533,1,15,5,1,14,1,14,5,8,0,1,0,1,0,20,0,6,11,0,0.0,6,0,6,12,0,0.0,12,1,1.0
534,1,15,2,1,14,4,4,3,3,0,0,1,1,0,25,0,0,0,0,0.0,0,0,0,0,0,0.0,0,0,1.0
536,1,12,7,1,1,3,3,5,5,0,0,1,1,0,27,0,5,10,1,14.0,0,0,5,0,0,0.0,0,1,1.0
553,1,8,7,1,1,1,2,4,3,0,0,1,1,0,19,0,5,10,2,11.0,0,0,6,10,0,0.0,0,1,1.0
563,1,1,8,1,1,13,28,10,10,0,0,1,1,0,18,0,6,6,6,13.5,0,0,6,9,5,13.2,0,0,1.0
565,1,12,14,1,1,13,14,4,10,0,0,1,1,0,27,0,6,7,6,14.0,0,0,6,7,6,14.714285714285714,0,0,1.0
567,1,8,7,1,1,19,26,1,6,0,0,1,1,0,18,0,5,9,3,11.666666666666666,0,0,5,10,3,11.333333333333334,4,1,1.0
578,2,1,10,1,1,22,27,6,6,0,0,1,0,0,20,0,6,7,6,11.5,0,0,6,6,6,11.666666666666666,0,0,0.0
587,1,8,15,1,1,23,28,10,9,0,0,1,0,1,18,0,6,6,6,12.833333333333334,0,0,6,7,6,12.285714285714286,0,0,0.0
596,1,8,16,1,1,23,10,8,1,0,0,0,0,1,20,0,6,10,4,12.0,0,0,6,14,3,10.0,0,1,0.0
599,1,8,4,1,1,23,27,10,10,0,0,1,0,0,21,12,18,22,18,11.88888888888889,1,11,13,13,13,11.461538461538462,0,0,0.0
603,1,12,3,0,1,1,1,5,5,0,0,1,0,0,27,0,6,6,6,12.5,0,1,6,6,6,12.333333333333334,0,0,0.0
604,1,1,12,1,1,1,27,4,9,0,0,1,0,1,18,0,7,9,7,13.055555555555555,0,0,8,8,8,15.8125,0,0,0.0
628,1,8,15,1,1,1,28,6,7,0,0,1,0,0,18,0,6,6,6,13.0,0,0,6,6,6,14.166666666666666,0,0,0.0
629,1,1,15,1,1,13,27,10,10,1,0,1,0,0,19,0,6,10,5,11.8,0,0,6,10,5,12.0,0,0,0.0
630,1,12,12,1,1,13,27,10,10,0,0,1,0,1,25,0,8,8,7,12.042857142857144,0,0,8,8,7,12.042857142857144,0,0,0.0
634,1,1,14,1,1,22,27,10,8,0,0,1,0,1,18,0,6,7,6,13.5,0,0,6,9,5,14.0,0,0,0.0
644,1,1,15,1,1,23,28,8,8,0,1,0,0,0,20,0,6,0,0,0.0,0,0,6,0,0,0.0,0,1,0.0
654,1,1,15,1,1,13,28,4,6,0,0,1,0,0,19,0,6,13,4,11.75,0,0,6,10,4,11.0,0,0,0.0
657,1,16,3,0,1,1,28,6,8,0,0,1,0,0,22,14,16,16,13,10.923076923076923,0,13,13,13,11,11.454545454545457,0,0,0.0
663,1,1,14,1,1,22,27,1,1,0,0,1,0,0,18,0,5,7,3,12.0,0,0,5,7,4,13.25,1,0,0.0
664,1,8,12,1,1,3,3,10,8,0,0,1,1,0,19,0,7,8,7,13.3625,0,0,8,9,8,14.444444444444445,0,0,1.0
667,1,16,10,1,14,23,28,6,8,0,0,1,0,1,20,6,11,11,11,12.818181818181818,0,6,11,11,11,13.545454545454543,0,0,0.0
669,1,13,12,1,1,13,27,6,8,0,0,1,0,0,28,12,17,21,17,13.394736842105264,0,11,17,19,17,13.554736842105264,0,0,0.0
674,1,1,11,1,1,23,28,6,9,0,0,1,0,0,18,0,6,8,6,12.166666666666666,0,0,6,6,6,13.5,0,0,0.0
679,1,1,2,1,1,3,3,3,6,0,0,1,0,1,19,0,0,0,0,0.0,0,0,0,0,0,0.0,0,0,0.0
681,1,15,10,1,14,1,1,5,7,0,1,1,0,1,23,3,6,7,6,13.142857142857142,0,2,6,6,6,14.0,0,0,0.0
684,4,12,4,1,12,22,27,10,10,0,0,1,1,0,49,6,12,17,7,12.0,0,3,12,19,9,11.22222222222222,0,0,1.0
687,1,8,12,1,1,23,14,10,9,0,0,1,1,0,18,0,7,8,7,11.8375,0,0,8,9,8,12.48125,0,0,1.0
694,2,12,8,1,12,2,1,3,10,0,0,1,1,0,44,1,5,13,4,14.0,3,1,5,9,4,15.5,2,0,1.0
701,2,12,9,1,12,22,14,10,4,0,0,1,1,0,49,0,5,9,3,14.0,0,0,5,8,3,13.666666666666666,0,1,1.0
708,2,12,11,1,1,1,14,10,10,0,0,1,1,0,47,6,11,11,11,14.727272727272728,0,6,9,9,9,15.77777777777778,0,0,1.0
709,1,12,3,0,1,22,9,10,8,0,1,0,1,0,50,0,6,6,0,0.0,0,0,5,6,0,0.0,0,1,1.0
713,1,1,12,1,1,3,3,3,3,0,0,1,1,0,18,0,8,8,7,13.105714285714283,0,0,8,8,7,13.105714285714283,0,0,1.0
715,1,14,3,0,1,13,27,5,11,0,0,1,1,0,44,9,13,18,13,11.846153846153848,0,9,11,11,11,12.0,0,0,1.0
722,1,1,2,1,1,13,28,10,6,0,0,1,1,0,22,0,0,0,0,0.0,0,0,0,0,0,0.0,0,0,1.0
728,1,1,2,1,1,13,1,5,8,0,0,1,1,0,20,0,0,0,0,0.0,0,0,0,0,0,0.0,0,0,1.0
731,1,15,4,1,14,2,1,5,7,0,0,1,1,0,21,0,6,12,5,12.142857142857142,0,0,6,11,5,11.666666666666666,0,0,1.0
737,1,8,11,1,1,22,27,6,8,0,0,1,1,0,30,0,6,17,2,10.0,0,0,6,15,3,11.333333333333334,0,1,1.0
743,1,12,17,0,1,1,14,5,9,0,0,1,1,0,27,0,5,8,4,11.5,0,0,5,9,3,10.333333333333334,0,1,1.0
746,1,16,4,1,14,1,14,5,5,0,1,0,1,0,22,0,6,12,3,11.333333333333334,0,0,6,13,2,11.0,0,1,1.0
749,1,1,12,1,1,1,1,6,4,0,0,1,0,0,18,0,7,7,7,13.471428571428572,0,0,8,9,8,13.944444444444445,0,0,0.0
767,1,4,17,0,15,1,27,5,2,0,0,1,0,0,26,8,9,11,9,12.333333333333334,0,4,7,7,7,12.571428571428571,0,0,0.0
769,1,8,14,1,1,13,14,6,6,0,0,1,1,0,21,0,6,6,6,15.166666666666666,0,0,6,9,6,14.0,0,0,1.0
775,1,15,6,1,14,1,1,5,8,0,1,1,0,0,22,2,6,9,6,12.0,0,1,6,12,3,12.0,0,1,0.0
785,1,1,10,1,1,1,1,2,2,0,0,1,0,0,19,0,6,10,6,10.833333333333334,0,0,6,7,6,12.142857142857142,0,0,0.0
791,1,12,12,1,1,3,3,3,3,0,0,0,1,0,36,0,6,15,2,11.5,0,0,7,9,0,0.0,0,1,1.0
806,1,8,5,1,1,1,28,4,6,0,0,1,0,1,18,0,6,6,6,13.0,0,0,6,6,6,12.166666666666666,0,0,0.0
810,1,1,10,1,1,1,1,10,5,0,1,0,0,1,22,0,6,0,0,0.0,0,0,6,0,0,0.0,0,1,0.0
812,1,8,12,1,1,13,28,10,10,0,0,1,0,1,18,0,7,7,7,14.145714285714286,0,0,8,9,8,13.627777777777778,0,0,0.0
820,1,1,9,1,1,13,14,10,10,0,0,1,0,1,18,0,5,10,5,12.0,0,0,5,8,4,11.6,0,0,0.0
828,1,1,12,1,1,13,14,5,6,0,0,1,0,0,18,0,8,8,8,14.25,0,0,8,8,8,14.25,0,0,0.0
857,1,12,4,1,9,22,1,10,11,0,0,1,1,0,28,0,6,6,0,0.0,0,0,6,6,0,0.0,0,1,1.0
859,1,1,15,1,1,19,28,1,4,0,0,1,1,0,20,0,6,11,4,10.75,0,0,6,13,2,10.0,0,1,1.0
862,1,15,5,1,14,1,14,6,9,0,0,1,1,0,21,2,7,7,2,12.0,0,5,9,10,7,12.142857142857142,0,1,1.0
866,1,12,7,1,3,1,28,12,12,0,0,1,1,0,29,0,3,3,0,0.0,3,0,5,0,0,0.0,0,1,1.0
867,1,12,7,1,12,22,28,4,8,0,0,1,1,1,29,0,5,6,0,0.0,0,0,5,7,0,0.0,0,1,0.0
877,1,12,13,1,1,13,14,5,6,0,0,1,1,1,25,0,7,7,2,10.0,0,0,7,7,0,0.0,0,1,0.0
878,1,1,14,1,1,13,14,8,11,0,0,1,1,0,19,0,5,7,3,12.333333333333334,0,0,5,5,5,11.6,0,0,1.0
882,1,12,4,1,1,13,27,10,7,0,1,0,1,0,31,0,6,15,1,11.0,0,0,6,10,0,0.0,0,1,1.0
883,1,12,4,1,1,22,27,5,8,0,1,0,1,0,32,0,6,8,3,13.0,0,4,10,14,6,11.428571428571429,0,1,1.0
884,1,7,12,1,1,2,28,5,10,0,0,1,0,1,19,0,8,12,7,12.599999999999998,0,0,8,12,7,12.599999999999998,0,0,0.0
907,1,8,10,1,1,13,28,8,7,0,0,1,0,1,19,0,6,12,5,11.714285714285714,0,0,6,11,6,11.0,0,0,0.0
909,1,1,2,1,1,23,14,8,11,0,0,1,0,0,20,0,0,0,0,0.0,0,0,0,0,0,0.0,0,1,0.0
916,2,12,17,0,1,19,24,12,12,0,0,1,0,0,28,0,5,10,0,0.0,0,0,5,5,0,0.0,0,1,0.0
917,2,12,3,0,7,22,27,9,11,0,0,1,0,0,37,0,6,0,0,0.0,0,0,6,0,0,0.0,0,1,1.0
918,2,15,4,1,14,22,28,10,5,0,0,1,0,0,43,0,6,8,6,14.166666666666666,0,0,6,9,6,15.0,0,0,1.0
921,1,12,3,0,1,22,27,10,10,0,0,1,0,1,35,0,6,8,6,10.833333333333334,0,0,6,7,6,11.5,0,0,0.0
936,1,12,12,1,12,23,28,10,10,0,0,1,0,0,28,0,7,15,1,10.75,0,0,7,10,1,10.0,0,1,0.0
939,4,12,3,0,12,22,27,12,8,0,0,0,0,0,31,0,6,8,5,11.4,0,0,6,9,3,11.0,0,1,0.0
947,1,8,15,1,1,3,5,1,3,0,0,0,1,1,22,0,4,8,0,0.0,0,0,4,8,0,0.0,0,1,0.0
949,1,12,9,1,1,22,3,10,3,0,0,1,1,0,61,0,5,0,0,0.0,0,0,5,0,0,0.0,0,1,1.0
958,1,1,9,1,1,1,14,6,6,0,0,1,1,1,19,0,5,6,5,13.2,0,0,5,6,5,12.666666666666666,0,0,0.0
966,2,12,17,0,1,13,27,10,6,0,0,0,1,0,28,0,5,5,0,0.0,0,0,5,6,0,0.0,0,1,1.0
968,2,12,17,0,1,19,24,1,1,0,0,0,1,0,49,0,5,5,0,0.0,0,0,5,5,0,0.0,0,1,1.0
972,2,12,7,1,12,22,27,8,8,0,0,0,1,0,33,0,5,11,0,0.0,0,0,5,5,0,0.0,0,1,1.0
979,1,9,4,1,1,1,28,10,7,0,0,1,1,0,21,5,11,16,9,11.9,0,3,9,14,8,12.25,0,0,1.0
1000,1,8,5,1,1,23,1,6,6,1,0,1,0,0,18,0,6,0,0,0.0,0,0,6,0,0,0.0,0,1,0.0
1004,1,8,10,1,1,1,3,4,5,0,0,1,0,0,18,0,6,6,6,16.5,0,0,6,7,6,17.428571428571427,0,1,0.0
1011,1,8,12,1,1,13,1,5,4,0,0,1,0,0,20,0,7,9,6,11.605,0,0,8,10,7,12.4125,0,0,0.0
1014,1,9,9,1,1,22,28,29,28,0,0,1,0,1,20,0,5,6,5,11.8,0,0,5,6,5,11.6,0,0,0.0
1021,1,15,9,1,14,13,1,5,10,0,0,1,0,0,21,4,7,10,6,11.333333333333334,0,1,5,6,5,11.2,0,0,0.0
1029,1,1,12,1,1,1,1,10,10,0,0,1,0,1,19,0,8,8,7,13.314285714285717,0,0,8,8,7,13.314285714285717,0,0,0.0
1030,1,1,9,1,1,1,14,5,4,0,0,1,0,1,18,0,5,13,3,10.6,0,0,5,12,3,10.5,0,0,0.0
1033,1,8,6,1,1,1,27,10,10,0,0,1,0,1,18,0,5,7,4,13.25,0,0,5,8,5,15.571428571428571,0,0,0.0
1052,1,8,12,1,1,3,3,5,6,0,0,1,0,0,18,0,7,8,7,14.85,0,0,8,8,8,15.2,0,1,0.0
1054,1,1,12,1,1,22,27,10,8,0,0,1,0,1,19,0,7,8,7,14.7875,0,0,8,8,8,15.8625,0,0,0.0
1073,1,1,6,1,1,3,3,2,12,0,0,1,0,0,18,0,5,6,4,13.75,0,0,5,8,5,14.857142857142858,0,0,0.0
1075,1,1,15,1,1,13,14,5,8,0,0,1,0,0,18,0,6,6,6,13.333333333333334,0,0,6,6,6,12.0,0,0,0.0
1078,1,14,2,1,1,3,1,3,4,0,1,1,0,0,20,0,0,0,0,0.0,0,0,0,0,0,0.0,0,1,0.0
1079,1,1,12,1,1,1,27,5,10,0,0,1,0,1,19,0,7,8,6,13.533333333333331,0,0,8,9,7,13.614285714285714,0,0,0.0
1092,1,8,10,1,1,22,28,1,8,0,0,1,0,0,18,0,6,14,5,11.0,0,0,6,6,6,11.666666666666666,0,0,0.0
1096,1,8,14,1,3,10,3,6,9,0,1,0,0,0,20,0,6,6,0,0.0,0,0,6,9,0,0.0,0,1,0.0
1106,1,1,12,1,1,19,24,1,1,0,0,1,0,1,20,0,8,8,7,14.901428571428571,1,0,8,8,7,14.901428571428571,1,1,0.0
1114,1,1,12,1,1,13,14,10,8,0,0,1,0,1,19,0,7,12,6,13.766666666666666,0,0,8,10,7,14.051428571428572,0,0,0.0
1116,1,1,5,1,1,3,28,2,10,0,0,0,0,0,19,0,5,5,0,0.0,0,0,6,0,0,0.0,0,1,0.0
1122,1,13,12,1,1,1,14,5,9,0,0,1,0,0,21,4,7,9,7,14.355555555555554,0,5,8,8,8,13.49375,0,0,0.0
1125,1,1,14,1,1,22,28,10,10,0,0,1,0,1,21,0,5,5,5,13.2,0,0,5,5,4,13.0,0,0,0.0
1130,1,1,12,1,1,13,27,8,8,0,0,1,0,1,18,0,8,8,8,13.05875,0,0,8,8,8,13.05875,0,0,0.0
1133,1,1,12,1,1,13,1,10,6,0,0,1,0,1,18,0,7,7,7,14.071428571428571,0,0,8,8,8,15.1625,0,0,0.0
1135,1,15,2,1,14,22,27,6,7,0,0,0,0,0,26,4,9,9,4,11.25,0,3,10,12,3,11.0,0,1,0.0
1149,1,1,12,1,1,13,14,5,5,0,0,1,0,0,18,0,8,8,7,13.485714285714284,0,0,8,8,7,13.485714285714284,0,0,0.0
1151,1,8,2,1,1,22,27,10,2,0,0,1,0,0,19,0,0,0,0,0.0,0,0,0,0,0,0.0,0,1,0.0
1154,1,1,12,1,1,1,27,8,8,0,0,1,0,0,19,0,8,11,7,13.258571428571427,0,0,8,11,7,13.258571428571427,0,0,0.0
1163,4,12,3,0,1,22,27,4,5,0,0,1,0,1,35,0,6,9,6,11.333333333333334,0,0,6,6,6,11.333333333333334,0,0,0.0
1171,1,8,12,1,1,1,14,5,4,0,0,1,1,1,18,0,8,8,7,15.07,0,0,8,8,7,15.07,0,0,0.0
1174,1,9,14,1,1,1,27,10,10,0,0,1,1,0,22,0,6,11,4,13.0,0,0,6,11,4,12.6,0,0,1.0
1183,1,17,6,1,16,13,28,10,10,0,1,0,0,0,21,7,10,15,8,13.75,0,4,9,17,5,13.2,0,1,0.0
1187,1,8,9,1,1,22,27,10,8,0,0,1,0,0,20,0,5,9,1,10.0,0,0,5,10,1,11.0,0,1,0.0
1191,1,1,12,1,1,1,1,5,5,0,0,1,0,0,19,0,8,9,7,12.04142857142857,0,0,8,9,7,12.04142857142857,0,0,0.0
1194,2,12,4,1,1,23,27,10,10,0,0,1,0,0,29,13,18,20,18,15.444444444444445,0,11,13,13,13,15.307692307692308,0,0,0.0
1196,1,4,5,1,3,22,2,10,4,0,0,0,0,0,23,0,3,3,2,10.0,0,0,6,0,0,0.0,0,1,0.0
1198,1,1,10,1,1,1,14,5,5,0,0,0,0,0,18,0,6,6,6,14.5,0,0,6,6,6,15.166666666666666,0,0,0.0
1206,1,14,12,1,1,22,24,12,1,0,1,1,0,0,22,11,14,14,12,12.333333333333334,2,11,14,14,12,12.333333333333334,2,0,0.0
1209,2,12,4,1,1,22,27,10,10,0,1,0,0,0,43,0,6,10,4,12.25,0,0,6,13,4,10.5,0,1,1.0
1215,1,1,12,1,1,3,28,4,8,0,0,1,0,1,18,0,7,7,7,16.9,0,0,8,9,8,16.37777777777778,0,0,0.0
1222,2,12,17,0,12,13,29,6,4,0,1,0,0,0,31,0,5,7,0,0.0,0,0,5,7,0,0.0,0,1,0.0
1225,1,8,10,1,1,23,28,8,8,0,0,1,0,1,18,0,6,7,6,15.142857142857142,0,0,6,6,6,15.833333333333334,0,0,0.0
1226,1,1,9,1,1,7,14,5,4,0,0,1,0,0,23,0,5,8,3,10.666666666666666,0,0,5,8,5,11.6,0,0,0.0
1234,1,8,12,1,1,1,27,2,2,0,0,1,0,0,19,0,8,8,7,13.925714285714283,0,0,8,8,7,13.925714285714283,0,0,0.0
1236,1,1,12,1,1,1,27,5,4,0,0,1,0,0,18,0,7,7,7,13.44285714285714,0,0,8,9,8,13.744444444444444,0,0,0.0
1238,1,15,4,1,14,23,27,10,10,0,0,1,1,0,20,0,6,8,6,13.125,0,0,6,10,6,13.2,0,0,1.0
1241,2,12,8,1,1,13,14,5,5,0,0,0,1,0,31,0,4,12,2,11.0,2,0,5,9,3,11.666666666666666,0,1,1.0
1245,2,12,16,1,1,22,27,6,6,0,0,1,0,0,34,0,7,11,1,10.0,0,0,7,7,1,13.0,0,1,1.0
1247,1,1,10,1,1,13,14,10,10,0,1,1,0,0,19,0,6,0,0,0.0,0,0,6,0,0,0.0,0,1,0.0
1249,1,1,16,1,1,23,27,6,4,0,0,0,0,0,18,0,6,11,3,13.0,0,0,6,10,5,11.8,0,1,0.0
1253,1,1,10,1,1,23,28,8,9,0,0,1,0,0,19,0,6,11,4,12.75,0,0,6,7,6,11.333333333333334,0,0,0.0
1256,1,8,10,1,1,13,28,6,6,0,0,1,0,0,19,0,6,6,6,12.0,0,0,6,7,6,12.857142857142858,0,0,0.0
1260,1,1,10,1,1,1,1,4,4,0,0,1,0,0,20,0,6,9,5,11.8,0,0,6,7,6,11.5,0,0,0.0
1271,1,14,9,1,1,13,28,10,10,0,0,1,0,0,19,0,5,5,5,12.6,0,0,5,6,4,12.4,0,0,0.0
1282,1,8,11,1,1,1,14,5,8,0,0,0,1,0,18,0,6,12,0,0.0,0,0,6,0,0,0.0,0,1,1.0
1283,1,1,7,1,1,13,14,5,5,0,0,1,1,1,18,0,5,6,5,17.333333333333332,0,0,5,8,5,18.571428571428573,0,0,0.0
1285,1,8,16,1,1,13,28,4,4,0,0,1,1,0,19,0,7,10,6,13.666666666666666,0,0,7,9,6,12.5,0,1,1.0
1291,1,1,12,1,1,23,28,10,10,0,0,1,1,0,19,0,8,8,7,14.285714285714286,0,0,8,8,7,14.285714285714286,0,0,1.0
1294,2,12,4,1,1,1,31,10,4,0,1,0,1,0,34,0,6,7,0,0.0,0,0,6,0,0,0.0,0,1,1.0
1296,1,12,14,1,1,19,24,1,1,0,0,1,1,0,26,0,5,5,0,0.0,0,0,5,5,0,0.0,0,1,1.0
1302,1,15,2,1,14,3,3,3,3,0,1,1,1,0,20,0,0,0,0,0.0,0,0,0,0,0,0.0,0,0,1.0
1304,1,1,15,1,1,1,14,8,8,0,0,1,0,1,19,0,6,7,6,14.714285714285714,0,0,6,6,6,15.0,0,0,0.0
1313,1,1,12,1,1,3,29,3,4,0,0,1,0,0,18,0,7,8,7,12.65,0,0,8,9,8,13.411111111111111,0,1,0.0
1317,1,1,15,1,1,19,28,1,9,0,0,0,0,1,18,0,6,12,3,12.0,0,0,6,15,3,10.666666666666666,0,1,0.0
1339,1,9,12,1,1,22,28,8,9,0,0,1,0,1,19,0,8,8,7,11.4,0,0,8,8,7,11.4,0,0,0.0
1345,1,1,6,1,1,1,3,5,5,0,0,1,0,0,18,0,6,8,6,14.0,0,0,6,9,6,13.333333333333334,0,0,0.0
1357,1,12,11,1,12,13,1,10,6,0,1,0,1,0,36,0,5,10,0,0.0,0,0,5,5,0,0.0,0,1,1.0
1360,1,1,7,1,1,3,1,15,31,0,0,1,1,0,18,0,5,9,1,13.0,0,0,5,5,0,0.0,0,1,1.0
1371,1,1,12,1,1,1,1,10,10,0,0,1,1,0,20,0,8,8,7,15.028571428571428,0,0,8,8,7,15.028571428571428,0,0,1.0
1372,1,1,10,1,1,1,14,6,10,0,0,1,1,0,18,0,6,8,6,12.0,0,0,6,7,6,11.714285714285714,0,0,1.0
1373,1,1,15,1,1,1,28,4,6,0,0,1,1,0,19,0,6,8,5,12.0,0,0,6,8,5,12.4,0,0,1.0
1374,1,4,13,1,3,1,27,5,9,0,0,0,1,0,23,3,7,7,3,13.666666666666666,0,3,8,8,3,11.333333333333334,4,1,1.0
1379,1,16,10,1,1,1,1,6,10,0,0,1,1,0,22,0,6,6,0,0.0,0,0,6,7,0,0.0,0,1,1.0
1386,1,14,8,1,1,2,3,4,3,0,0,0,1,0,22,0,6,0,0,0.0,0,0,4,6,0,0.0,2,1,1.0
1390,1,1,12,1,1,1,1,3,8,0,0,1,0,1,18,0,8,8,8,13.88125,0,0,8,8,8,13.88125,0,0,0.0
1394,1,8,15,1,1,23,28,29,39,0,1,1,0,0,19,0,6,6,5,11.6,0,0,6,6,6,12.5,0,0,0.0
1399,1,8,16,1,1,13,14,10,9,0,0,1,0,1,19,0,7,7,7,14.428571428571429,0,0,7,7,7,14.142857142857142,0,0,0.0
1402,1,1,6,1,1,10,1,2,12,0,0,1,0,0,21,0,5,7,5,14.4,0,0,5,5,5,13.8,0,0,0.0
1404,1,15,9,1,14,2,27,3,9,0,1,0,1,0,25,0,5,6,0,0.0,0,0,5,5,0,0.0,0,1,1.0
1406,1,9,12,1,1,23,27,6,6,0,0,1,0,1,19,0,8,8,7,12.342857142857143,0,0,8,8,7,12.342857142857143,0,0,0.0
1411,1,7,10,1,1,13,27,10,8,0,0,1,0,1,19,0,6,8,4,11.25,0,0,6,6,6,12.0,0,0,0.0
1414,1,9,12,1,1,13,1,5,8,0,0,1,0,0,18,0,7,7,7,13.457142857142856,0,0,8,8,8,14.5125,0,0,0.0
1426,1,15,6,1,1,4,4,3,7,0,0,1,0,0,22,2,6,9,6,13.333333333333334,0,1,6,9,4,11.5,0,0,0.0
1438,1,9,14,1,1,1,1,10,10,0,0,1,0,1,19,0,6,7,6,13.0,0,0,6,6,6,14.333333333333334,0,0,0.0
1450,1,8,8,1,1,2,1,5,2,0,0,1,1,0,18,0,6,9,6,12.0,0,0,6,10,5,12.166666666666666,0,1,1.0
1461,1,15,4,1,14,23,28,10,9,0,0,1,1,0,20,0,6,8,5,12.857142857142858,0,0,6,11,6,12.3,0,0,1.0
1463,1,16,7,1,1,1,14,5,5,0,0,1,1,0,23,0,5,7,2,13.0,0,0,5,11,1,10.0,0,1,1.0
1468,1,1,15,1,1,1,14,10,8,0,0,1,1,1,18,0,6,6,6,15.5,0,0,6,6,6,14.166666666666666,0,0,0.0
1469,1,1,11,1,1,1,1,5,4,0,0,1,1,0,18,0,6,8,6,12.333333333333334,0,0,6,6,6,13.666666666666666,0,0,1.0
1472,1,8,15,1,1,13,28,5,10,0,0,1,1,1,18,0,6,7,6,11.333333333333334,0,0,6,8,6,12.285714285714286,0,0,0.0
1479,1,1,6,1,1,1,1,5,10,0,0,1,1,1,20,0,6,10,4,13.2,0,0,6,8,0,0.0,0,1,0.0
1482,1,1,14,1,1,3,1,3,7,0,0,1,1,1,21,0,6,8,6,15.166666666666666,0,0,6,7,6,14.428571428571429,0,0,0.0
1490,2,12,4,1,1,22,27,10,10,0,0,1,1,0,29,0,6,9,6,16.11111111111111,0,0,6,7,6,13.5,0,0,1.0
1491,1,1,15,1,1,1,3,10,10,0,0,1,1,0,20,0,6,8,6,11.5,0,0,6,8,6,11.0,0,0,1.0
1492,1,15,8,1,14,3,4,3,3,0,0,1,1,0,20,0,6,15,4,10.75,0,0,6,12,2,10.5,0,1,1.0
1501,1,1,14,1,1,1,1,12,12,0,1,1,1,0,20,0,6,10,1,12.0,1,0,6,0,0,0.0,0,1,1.0
1522,1,8,6,1,1,13,1,10,5,0,0,1,1,0,20,0,6,12,4,12.8,0,0,6,17,0,0.0,0,1,1.0
1526,1,8,15,1,1,1,1,6,2,0,1,0,1,0,19,0,6,6,6,12.5,0,0,6,10,4,12.6,0,1,1.0
1528,1,6,11,1,1,13,1,10,8,0,0,0,0,0,21,0,6,6,6,11.5,0,0,6,10,4,13.25,0,0,0.0
1531,1,8,12,1,1,23,1,10,6,0,0,1,0,0,18,0,7,7,6,13.033333333333331,0,0,7,7,6,13.033333333333331,0,0,0.0
1532,2,6,15,1,1,22,27,10,7,0,0,1,0,0,59,0,6,8,6,12.166666666666666,0,0,6,7,4,11.75,0,0,1.0
1536,1,12,12,1,1,22,14,10,9,0,0,1,0,0,27,0,7,14,0,0.0,0,0,7,14,0,0.0,0,1,0.0
1565,1,8,10,1,1,1,14,8,8,0,0,1,0,1,19,0,6,8,6,13.625,0,0,6,7,6,12.166666666666666,0,0,0.0
1569,1,14,8,1,1,22,27,10,7,0,0,1,0,0,37,0,6,0,0,0.0,0,0,6,0,0,0.0,0,1,1.0
1576,2,12,14,1,12,22,27,10,10,0,0,1,0,0,46,0,6,10,5,11.4,0,0,6,9,4,13.75,0,1,1.0
1614,2,12,3,0,1,23,27,6,4,0,0,1,0,1,36,0,6,6,6,11.833333333333334,0,0,6,6,6,11.5,0,0,0.0
1615,2,12,6,1,12,13,14,10,6,0,0,1,0,0,26,0,6,21,3,12.666666666666666,0,0,6,15,2,11.0,0,1,0.0
1618,1,1,15,1,1,13,1,10,10,0,0,1,0,1,19,0,6,8,6,13.166666666666666,0,0,6,6,6,13.0,0,1,0.0
1620,1,9,14,1,1,13,3,10,8,0,0,1,0,0,19,0,6,8,6,14.125,0,0,6,10,5,14.5,0,0,0.0
1621,1,1,6,1,1,23,27,10,10,0,0,1,0,0,21,0,5,10,3,11.666666666666666,0,0,5,5,5,13.0,0,0,0.0
1627,1,15,17,0,14,22,27,6,6,0,0,1,1,0,32,2,6,9,4,12.5,0,3,7,7,4,11.0,0,1,1.0
1635,1,8,14,1,1,23,27,8,6,0,0,1,1,1,18,0,6,7,6,12.285714285714286,0,0,6,7,6,13.333333333333334,1,0,0.0
1638,1,12,14,1,7,22,27,6,4,0,1,1,1,0,26,0,5,5,0,0.0,0,0,5,5,0,0.0,0,1,1.0
1645,1,1,2,1,1,3,14,5,8,0,0,1,0,0,21,0,0,0,0,0.0,0,0,0,0,0,0.0,0,1,0.0
1672,1,15,8,1,14,3,1,5,2,0,0,0,0,0,21,1,6,12,5,13.285714285714286,0,0,6,10,4,12.0,0,1,0.0
1690,1,4,7,1,1,19,24,1,1,0,0,1,1,0,24,0,5,0,0,0.0,0,0,5,0,0,0.0,0,1,1.0
1695,1,8,14,1,1,23,27,10,9,0,0,1,1,1,19,0,6,6,6,13.333333333333334,0,0,6,7,6,13.285714285714286,0,0,0.0
1696,1,8,5,1,1,13,28,5,6,0,0,1,1,0,22,0,6,7,5,11.4,0,0,6,6,6,12.166666666666666,0,0,1.0
1698,1,1,12,1,1,1,1,6,6,0,0,1,1,0,18,0,7,7,7,16.142857142857142,0,0,8,9,0,0.0,0,1,1.0
1699,1,4,12,1,3,22,27,12,12,0,0,1,1,0,30,0,8,8,0,0.0,8,0,8,8,0,0.0,8,1,1.0
1704,1,12,14,1,1,1,14,5,10,0,0,1,1,1,25,0,6,8,6,12.285714285714286,0,0,6,6,6,13.0,0,0,0.0
1706,1,1,2,1,1,1,1,5,5,0,0,1,1,0,18,0,0,0,0,0.0,0,0,0,0,0,0.0,0,1,1.0
1712,1,13,12,1,1,3,1,4,11,0,0,0,0,0,33,1,7,10,5,12.16,0,0,6,7,5,11.34,0,1,1.0
1718,1,12,7,1,1,23,27,8,8,0,0,1,1,0,24,0,5,9,0,0.0,0,0,5,8,2,14.5,2,1,1.0
1729,2,14,17,0,1,22,27,10,10,0,0,1,1,0,37,7,12,13,12,12.25,0,8,13,13,13,12.846153846153848,0,0,1.0
1735,1,15,5,1,14,2,14,4,9,0,0,1,1,0,21,2,7,10,6,13.428571428571429,0,5,9,9,8,13.125,0,0,1.0
1746,1,14,8,1,1,13,1,10,5,0,1,0,1,0,24,0,6,11,5,11.833333333333334,0,0,6,11,4,11.5,0,1,1.0
1754,1,8,7,1,1,3,1,3,10,0,1,0,1,0,20,0,5,5,0,0.0,0,0,5,5,0,0.0,0,1,1.0
1757,1,15,8,1,14,1,27,5,9,0,0,0,0,0,22,1,6,10,3,12.666666666666666,0,0,6,7,0,0.0,0,1,0.0
1763,1,6,9,1,1,22,2,7,5,0,1,1,1,0,19,0,5,12,3,10.5,0,0,5,8,4,11.25,0,0,1.0
1768,1,4,12,1,3,3,14,3,7,0,0,1,1,0,27,0,7,0,0,0.0,0,0,8,0,0,0.0,0,1,1.0
1775,1,1,15,1,1,1,3,1,1,0,0,0,1,0,20,0,4,4,0,0.0,0,0,4,8,0,0.0,0,1,1.0
1786,2,12,10,1,12,22,27,10,5,0,0,1,1,0,42,0,6,0,0,0.0,0,0,6,0,0,0.0,0,1,1.0
1810,1,12,11,1,1,22,27,10,10,0,0,1,1,0,26,0,6,7,6,12.428571428571429,0,0,6,6,6,12.833333333333334,0,0,1.0
1812,2,16,12,1,1,22,27,6,6,0,0,1,1,0,44,0,7,11,5,12.1,0,0,7,10,5,12.6,0,1,1.0
1819,1,8,12,1,1,3,2,4,4,0,0,1,0,0,18,0,7,7,7,13.884285714285712,0,0,8,9,8,14.75,0,1,0.0
1831,1,1,10,1,1,1,1,5,5,0,0,1,0,1,18,0,6,9,6,11.5,0,0,6,11,5,14.0,0,0,0.0
1832,1,8,9,1,1,22,14,10,9,0,0,1,0,1,18,0,5,8,5,11.8,0,0,5,10,5,11.6,3,0,0.0
1850,1,4,12,1,3,1,1,8,11,0,0,0,1,0,23,0,7,0,0,0.0,0,0,8,0,0,0.0,0,1,1.0
1851,1,1,7,1,1,13,28,10,8,0,0,1,1,0,18,0,5,12,5,13.285714285714286,0,0,5,16,5,14.8,0,1,1.0
1865,1,12,17,0,1,1,1,4,8,0,0,1,1,0,26,0,5,5,5,12.4,0,0,5,5,5,12.4,0,0,1.0
1868,1,1,2,1,1,22,14,10,9,0,0,1,1,1,20,6,12,12,12,14.583333333333334,0,4,11,14,11,14.333333333333334,0,0,0.0
1869,1,1,15,1,1,13,9,1,1,0,0,1,1,0,19,0,6,6,6,11.666666666666666,0,0,6,10,3,12.666666666666666,0,0,1.0
1870,1,8,14,1,1,19,3,8,3,0,1,0,1,0,23,0,5,5,0,0.0,0,0,5,5,0,0.0,0,1,1.0
1875,1,1,12,1,1,22,27,10,10,0,0,1,1,0,24,0,7,7,6,13.3,0,0,7,7,6,13.3,0,0,1.0
1886,1,15,4,1,14,22,27,10,8,0,0,0,1,0,30,4,9,18,6,11.833333333333334,0,1,8,21,4,11.0,0,1,1.0
1889,1,1,2,1,1,1,1,10,4,0,0,1,0,0,18,0,0,0,0,0.0,0,0,0,0,0,0.0,0,0,0.0
1900,1,14,15,1,1,1,27,4,1,0,1,1,0,0,20,0,6,7,6,13.333333333333334,0,0,6,8,6,12.666666666666666,0,0,0.0
1901,1,13,6,1,1,1,7,5,5,0,0,1,0,0,24,5,11,29,9,12.0,6,4,10,21,9,12.555555555555555,0,0,0.0
1902,1,1,8,1,1,1,1,5,5,0,0,1,0,0,18,0,6,9,6,15.125,0,0,6,9,6,14.0,0,0,0.0
1916,1,8,12,1,1,13,28,6,9,0,0,1,0,1,18,0,7,7,6,12.6,0,0,7,7,6,12.6,0,0,0.0
1918,1,1,5,1,1,13,27,10,10,0,0,1,0,1,22,0,6,10,5,10.8,0,0,6,7,5,12.8,0,0,0.0
1930,1,1,12,1,1,13,1,2,2,0,0,1,0,0,18,0,7,10,7,13.03,0,0,8,8,8,13.21875,0,0,0.0
1931,1,8,14,1,1,23,28,6,8,0,0,1,0,0,19,0,6,7,6,14.571428571428571,0,0,6,7,6,12.333333333333334,0,0,0.0
1936,1,8,8,1,1,4,1,3,11,0,0,1,0,0,19,0,6,8,6,13.0,0,0,6,9,4,12.8,0,0,0.0
1951,1,14,11,1,1,13,14,10,10,0,0,1,0,0,19,0,6,0,0,0.0,0,0,6,12,0,0.0,0,1,0.0
1953,1,1,11,1,1,1,28,6,7,0,0,1,0,1,18,0,6,7,6,12.285714285714286,0,0,6,6,6,12.0,0,0,0.0
1955,1,9,16,1,1,13,28,5,1,0,0,1,0,0,19,0,7,10,6,12.166666666666666,0,0,7,9,6,13.166666666666666,0,0,0.0
1977,1,15,10,1,14,1,14,29,15,0,0,1,0,0,20,3,6,6,6,13.5,0,2,6,9,5,12.5,0,0,0.0
1990,1,8,3,0,1,22,14,6,6,0,0,1,0,0,18,0,6,8,5,12.2,0,0,6,10,5,12.8,0,0,0.0
1997,1,8,15,1,1,22,27,10,10,0,0,1,0,0,18,0,6,7,6,12.857142857142858,0,0,6,6,6,13.333333333333334,0,0,0.0
1999,1,16,9,1,1,13,14,10,8,0,1,0,0,0,32,14,15,17,14,10.214285714285714,0,13,13,13,13,11.384615384615383,0,0,1.0
2002,1,16,11,1,1,23,28,10,10,0,0,1,0,0,28,0,6,8,6,12.857142857142858,0,0,6,8,5,12.6,0,0,0.0
2004,1,4,16,1,3,19,24,1,1,0,0,0,0,0,24,0,6,12,0,0.0,0,0,5,10,0,0.0,0,1,0.0
2005,1,1,6,1,1,1,27,5,11,0,0,1,0,0,19,0,5,7,5,14.4,0,0,5,6,5,13.2,0,0,0.0
2013,2,12,16,1,1,22,27,10,10,0,1,0,0,0,32,0,6,6,0,0.0,0,0,5,10,0,0.0,0,1,1.0
2015,1,1,10,1,1,13,14,7,7,0,0,1,0,0,20,0,6,6,6,11.5,0,0,6,7,6,13.285714285714286,0,0,0.0
2037,2,4,8,1,3,3,3,2,2,0,0,1,0,0,33,1,5,11,2,11.5,1,1,5,8,2,12.0,0,1,1.0
2043,1,1,11,1,1,1,14,10,10,0,0,1,0,0,19,0,6,6,6,12.5,0,0,6,6,6,12.166666666666666,0,0,0.0
2044,1,15,6,1,14,1,14,4,4,0,0,1,0,0,21,2,6,7,6,13.0,0,1,6,15,4,12.8,0,0,0.0
2049,1,1,12,1,1,1,14,10,8,0,0,1,0,0,19,0,8,8,7,13.44285714285714,0,0,8,8,7,13.44285714285714,0,0,0.0
2070,1,1,14,1,1,1,27,2,11,0,0,1,0,0,19,0,6,7,6,12.833333333333334,0,0,6,10,6,11.77777777777778,0,0,0.0
2072,1,1,14,1,1,23,28,6,10,0,0,1,0,0,20,0,6,9,6,13.285714285714286,0,0,6,8,5,13.8,0,0,0.0
2078,1,8,12,1,1,3,3,4,7,0,0,1,0,0,18,0,7,8,7,12.5,0,0,8,9,7,13.042857142857144,0,0,0.0
2083,1,1,15,1,1,3,1,3,4,0,0,1,0,0,18,0,6,7,6,14.857142857142858,0,0,6,6,6,14.666666666666666,0,0,0.0
2085,1,1,15,1,1,13,27,13,12,0,0,0,0,0,18,0,4,4,0,0.0,0,0,4,4,0,0.0,0,1,0.0
2087,1,8,8,1,1,3,2,4,7,0,0,1,0,0,18,0,6,8,6,15.0,0,0,6,8,5,15.166666666666666,0,1,0.0
2093,1,1,12,1,1,22,27,10,10,0,0,1,0,0,18,0,7,7,6,15.2,0,0,7,7,6,15.2,0,0,0.0
2097,1,1,10,1,1,23,1,8,8,0,0,1,0,0,21,0,6,8,5,12.4,0,0,6,6,6,12.0,0,0,0.0
2098,1,9,12,1,1,22,14,6,6,0,0,1,0,1,19,0,8,9,8,13.78125,1,0,8,9,8,13.78125,1,0,0.0
2099,1,8,11,1,1,13,14,6,6,0,1,1,0,0,19,0,6,10,6,12.166666666666666,0,0,6,8,5,11.666666666666666,0,1,0.0
2116,1,1,10,1,1,1,14,5,5,0,0,1,0,0,19,0,6,7,6,12.285714285714286,0,0,6,7,6,12.0,0,0,0.0
2148,1,5,6,1,1,13,14,5,6,0,0,1,0,0,21,0,5,6,5,14.2,0,0,5,5,5,14.8,0,0,0.0
2154,1,1,5,1,1,23,14,23,44,1,0,1,0,0,19,0,6,6,6,14.666666666666666,0,0,6,7,6,15.142857142857142,0,0,0.0
2155,1,1,12,1,1,13,14,10,10,0,0,1,0,1,19,0,7,10,7,15.114999999999998,0,0,8,10,8,15.092,0,0,0.0
2166,1,8,12,1,1,23,27,6,10,0,0,1,0,1,18,0,8,8,7,14.962857142857144,0,0,8,8,7,14.962857142857144,0,0,0.0
2168,1,9,12,1,1,1,3,4,3,0,0,1,0,0,18,0,7,8,7,12.4,0,0,8,9,8,12.8,0,0,0.0
2181,1,8,10,1,1,13,14,6,5,0,0,1,0,1,18,0,6,8,5,10.8,0,0,6,9,6,10.5,0,0,0.0
2182,1,14,12,1,1,13,14,8,8,0,0,1,0,1,19,0,7,9,6,14.25,0,0,8,11,8,13.063636363636364,0,0,0.0
2192,1,12,4,1,1,3,1,3,5,0,1,0,1,0,35,0,6,8,5,16.166666666666668,0,0,6,10,4,16.0,0,1,1.0
2194,1,1,2,1,1,22,14,6,9,0,0,1,1,1,19,0,0,0,0,0.0,0,0,0,0,0,0.0,0,0,0.0
2203,2,4,2,1,3,13,14,10,10,0,0,1,1,0,37,0,0,0,0,0.0,0,0,0,0,0,0.0,0,1,1.0
2210,1,1,12,1,1,1,1,5,5,0,0,1,1,0,18,0,8,8,7,13.1,0,0,8,8,7,13.1,0,0,1.0
2214,1,15,4,1,14,13,14,10,8,0,1,1,1,0,21,0,6,7,6,15.285714285714286,0,0,6,6,6,15.166666666666666,0,0,1.0
2218,1,4,15,1,17,13,1,5,9,0,0,1,1,0,25,0,6,6,6,14.666666666666666,0,0,6,6,6,13.5,0,0,1.0
2223,1,8,2,1,1,23,27,5,7,0,0,0,1,0,20,0,0,0,0,0.0,0,0,0,0,0,0.0,0,1,1.0
2237,1,12,11,1,12,23,27,5,6,0,1,0,1,0,24,0,6,7,0,0.0,0,0,6,7,0,0.0,0,1,1.0
2244,1,12,11,1,12,22,27,12,12,0,0,1,1,0,48,0,6,13,3,10.0,0,0,6,15,1,10.0,0,1,1.0
2249,1,1,8,1,1,1,1,5,11,0,0,1,1,0,18,0,5,5,5,13.6,0,0,5,6,4,13.25,1,0,1.0
2262,1,1,11,1,1,2,1,3,4,0,0,1,1,0,34,0,6,13,2,13.5,0,0,6,6,0,0.0,0,1,1.0
2272,2,12,17,0,12,22,1,6,6,0,0,1,1,0,44,0,5,9,3,11.333333333333334,0,0,5,8,5,11.142857142857142,0,1,1.0
2282,1,1,11,1,1,23,1,10,10,0,1,0,1,0,21,0,6,9,5,11.833333333333334,0,0,6,8,5,10.0,0,1,1.0
2283,1,14,10,1,14,2,1,2,3,0,0,1,1,0,21,9,11,14,10,12.4,0,6,10,13,10,11.8,0,0,1.0
2286,1,12,17,0,1,13,27,7,9,0,0,1,1,0,40,0,5,5,5,11.0,0,0,5,5,5,13.4,0,0,1.0
2287,1,8,11,1,1,1,1,4,4,0,0,1,1,1,22,0,6,8,6,13.625,0,0,6,8,6,14.428571428571429,0,0,0.0
2294,1,8,2,1,1,1,27,5,10,0,0,0,1,0,21,0,0,0,0,0.0,0,0,0,0,0,0.0,0,1,1.0
2295,1,8,14,1,1,1,28,5,8,0,0,1,1,0,19,0,6,8,6,15.125,0,0,6,7,6,13.428571428571429,0,0,1.0
2308,1,1,12,1,1,13,1,12,12,0,0,1,1,0,18,0,8,8,0,0.0,3,0,8,8,0,0.0,3,1,1.0
2314,1,1,10,1,1,1,1,4,5,0,0,1,1,0,19,0,6,7,6,12.166666666666666,0,0,6,6,6,12.166666666666666,0,0,1.0
2317,1,12,17,0,1,3,1,4,4,0,0,1,1,0,28,0,5,5,0,0.0,0,0,5,5,0,0.0,0,1,1.0
2332,1,12,4,1,1,1,14,5,11,0,0,1,1,0,34,0,6,15,5,13.333333333333334,0,0,6,15,5,12.4,0,0,1.0
2333,1,1,2,1,1,8,8,5,5,0,0,1,1,1,18,0,0,0,0,0.0,0,0,0,0,0,0.0,0,1,0.0
2337,1,12,8,1,1,1,28,10,10,0,0,1,1,0,25,0,6,6,0,0.0,0,0,6,6,0,0.0,0,1,1.0
2340,1,12,4,1,1,22,27,10,11,0,0,0,1,0,43,0,6,0,0,0.0,0,0,6,0,0,0.0,0,1,1.0
2342,1,14,4,1,1,2,4,5,2,0,0,1,1,0,35,16,18,22,18,11.666666666666666,0,12,13,13,12,11.5,1,0,1.0
2343,1,8,17,0,1,22,14,10,5,0,0,1,1,0,23,0,5,6,4,13.0,0,0,5,5,5,13.0,0,0,1.0
2347,1,9,7,1,1,1,1,5,4,0,0,1,1,0,20,0,5,7,5,12.166666666666666,0,0,5,7,5,15.285714285714286,0,0,1.0
2351,1,15,8,1,14,2,1,4,7,0,0,1,1,0,22,11,18,32,12,12.857142857142858,1,8,12,15,10,14.3,0,0,1.0
2355,1,8,14,1,1,3,1,3,4,0,0,1,1,0,18,0,6,8,6,13.625,0,0,6,7,6,14.285714285714286,0,0,1.0
2369,1,12,8,1,1,1,14,5,6,0,0,1,1,0,29,0,5,11,1,18.0,2,0,5,10,3,13.333333333333334,2,1,1.0
2371,1,1,2,1,1,13,3,10,3,0,0,1,1,1,19,0,0,0,0,0.0,0,0,0,0,0,0.0,0,0,0.0
2380,1,8,11,1,1,1,14,5,8,0,0,1,1,1,19,0,6,8,5,12.666666666666666,0,0,6,10,6,12.857142857142858,0,0,0.0
2381,1,1,5,1,1,13,28,6,8,0,0,1,1,1,19,0,6,6,6,15.166666666666666,0,0,6,6,6,12.333333333333334,0,0,0.0
2388,1,8,9,1,1,23,14,6,6,0,0,1,1,1,18,0,5,8,4,10.8,0,0,5,10,2,12.5,0,1,0.0
2390,2,12,4,1,1,1,27,10,2,0,1,0,1,0,25,3,10,23,6,11.428571428571429,0,2,7,15,4,12.0,1,1,1.0
2391,1,14,4,1,1,22,1,6,5,0,0,1,1,0,25,8,14,24,8,12.5,2,6,13,23,10,11.6,0,1,1.0
2416,1,8,5,1,1,22,27,10,10,1,0,1,1,1,25,0,6,8,4,10.25,0,0,6,6,4,11.25,0,1,0.0
2418,1,17,2,1,16,1,14,10,10,0,0,0,1,1,22,5,12,15,11,12.545454545454543,0,4,11,16,11,12.666666666666666,0,0,0.0
2425,1,12,9,1,13,13,28,10,10,0,0,0,1,0,26,0,4,4,0,0.0,0,0,5,0,0,0.0,0,1,1.0
2448,1,12,7,1,12,22,27,10,5,0,1,0,1,0,28,0,5,10,0,0.0,0,0,5,7,0,0.0,0,1,1.0
2454,1,9,7,1,1,3,14,4,6,0,0,1,1,1,18,0,5,5,0,0.0,0,0,5,5,0,0.0,0,1,0.0
2455,1,15,4,1,14,13,14,6,6,0,0,1,1,0,20,0,6,8,6,14.5,0,0,6,10,6,15.3,0,0,1.0
2456,1,12,5,1,1,22,27,8,8,0,0,1,1,0,55,0,6,6,6,14.5,0,0,6,6,6,13.5,0,0,1.0
2462,1,1,2,1,1,3,3,3,3,0,0,1,1,0,18,0,0,0,0,0.0,0,0,0,0,0,0.0,0,1,1.0
2465,1,12,8,1,12,22,27,10,11,0,1,1,1,0,44,0,6,9,5,11.571428571428571,0,0,6,11,0,0.0,0,1,1.0
2469,2,12,9,1,1,22,27,10,10,0,0,1,1,0,36,0,4,4,0,0.0,0,0,5,9,0,0.0,0,1,1.0
2479,1,1,9,1,1,13,14,10,5,0,0,1,1,0,23,0,5,7,3,10.666666666666666,1,0,5,7,3,11.333333333333334,0,1,1.0
2481,1,1,5,1,1,13,14,6,6,0,0,1,1,1,22,1,6,6,6,12.666666666666666,0,1,6,6,5,12.4,0,0,0.0
2486,4,12,14,1,1,13,14,12,13,0,0,1,1,0,42,0,6,0,0,0.0,0,0,6,0,0,0.0,0,1,1.0
2489,1,1,11,1,1,1,28,3,9,0,0,1,1,1,20,0,6,7,6,14.714285714285714,0,0,6,6,6,12.5,0,0,0.0
2492,1,16,3,0,1,1,1,5,5,0,1,0,1,0,26,2,8,13,4,10.5,0,5,10,16,7,10.428571428571429,0,1,1.0
2494,1,1,15,1,1,1,14,10,10,0,1,1,1,1,19,0,6,6,6,12.666666666666666,0,0,6,6,6,14.0,0,0,0.0
2518,1,8,11,1,1,13,29,6,5,0,0,1,0,1,18,0,6,8,6,12.666666666666666,0,0,6,6,6,13.0,0,0,0.0
2526,1,1,5,1,1,1,1,10,8,0,0,1,0,1,18,0,6,6,6,14.5,0,0,6,6,6,12.833333333333334,0,1,0.0
2534,1,1,10,1,1,23,28,9,8,0,0,1,0,1,19,0,6,7,6,11.857142857142858,0,0,6,8,6,13.142857142857142,0,0,0.0
2547,1,1,12,1,1,13,27,8,8,0,0,1,0,0,19,0,8,9,8,13.2325,1,0,8,9,8,13.2325,1,0,0.0
2548,1,1,15,1,1,13,14,10,10,0,0,1,1,1,18,0,6,6,6,14.0,0,0,6,6,6,14.166666666666666,0,0,0.0
2549,1,8,11,1,1,1,2,6,4,0,1,1,1,1,19,0,6,14,2,10.0,0,0,6,6,0,0.0,0,1,0.0
2550,1,14,3,0,1,22,27,10,10,0,0,1,0,0,25,8,16,16,15,13.333333333333334,0,11,13,13,11,12.272727272727272,0,0,0.0
2552,1,1,3,0,1,23,27,6,6,0,0,1,0,0,19,0,6,6,6,12.5,0,0,6,6,6,11.5,0,0,0.0
2559,1,1,15,1,1,13,1,6,11,0,0,1,0,0,18,0,6,6,6,14.0,0,0,6,6,6,13.5,0,1,0.0
2561,1,1,12,1,1,13,27,8,8,0,0,1,0,0,18,0,8,8,8,13.07375,0,0,8,8,8,13.07375,0,0,0.0
2562,2,12,12,1,12,23,28,3,11,0,0,1,0,0,37,0,7,9,2,10.75,0,0,7,9,0,0.0,0,1,1.0
2564,1,1,11,1,1,22,27,6,6,0,0,1,0,1,20,0,6,6,6,14.0,0,0,6,6,6,13.333333333333334,0,0,0.0
2565,1,6,10,1,1,13,14,10,7,0,0,1,1,0,21,0,6,7,6,12.333333333333334,0,0,6,7,6,13.428571428571429,0,0,1.0
2571,1,1,12,1,1,23,28,10,10,0,0,1,0,0,31,0,7,9,7,15.46875,0,0,8,8,8,16.3875,0,0,1.0
2578,1,8,12,1,1,13,27,6,9,0,0,1,0,0,18,0,7,7,6,13.983333333333334,0,0,7,7,6,13.983333333333334,0,0,0.0
2579,1,1,10,1,1,22,27,10,10,0,0,1,0,0,18,0,6,6,6,13.0,0,0,6,6,6,12.833333333333334,0,0,0.0
2584,1,1,16,1,1,13,10,10,5,0,0,1,0,0,19,0,6,6,6,14.166666666666666,0,0,6,7,6,13.666666666666666,0,0,0.0
2596,1,1,5,1,1,1,27,6,10,0,1,1,0,0,21,0,6,9,5,11.4,0,0,6,8,5,12.2,0,1,0.0
2602,1,1,10,1,1,23,14,6,9,0,0,1,0,0,19,0,6,7,6,12.285714285714286,0,0,6,7,6,12.833333333333334,0,0,0.0
2608,1,8,11,1,1,23,28,6,6,0,0,1,0,0,20,0,6,6,6,11.0,0,0,6,8,4,12.75,0,0,0.0
2615,1,1,8,1,1,1,1,10,10,0,0,0,1,0,18,0,6,8,5,11.6,0,0,6,11,4,13.0,0,1,1.0
2619,1,15,10,1,1,1,1,6,6,0,0,1,0,1,21,3,6,6,6,14.833333333333334,0,2,6,7,6,12.571428571428571,0,0,0.0
2635,1,12,13,1,1,3,1,3,5,0,0,1,1,0,26,0,7,7,2,11.75,0,0,5,10,0,0.0,0,1,1.0
2640,2,12,7,1,12,22,27,10,10,0,0,1,1,0,36,0,5,0,0,0.0,0,0,5,0,0,0.0,0,1,1.0
2641,1,1,15,1,1,23,28,10,10,0,0,1,1,1,20,0,6,8,6,12.0,0,0,6,8,6,11.5,0,0,0.0
2642,1,8,14,1,1,3,4,3,3,0,0,1,1,0,20,0,6,6,3,12.333333333333334,0,0,6,9,0,0.0,0,1,1.0
2643,1,12,17,0,1,22,1,6,5,0,0,1,1,0,25,0,5,11,4,11.5,0,0,5,11,3,13.5,0,1,1.0
2649,1,1,12,1,1,13,28,10,9,0,0,1,1,0,20,0,8,12,5,12.002,1,0,8,12,5,12.002,1,1,1.0
2655,1,12,12,1,1,22,27,10,10,0,0,1,1,0,25,0,8,11,6,12.675,0,0,8,11,6,12.675,0,0,1.0
2659,1,1,11,1,1,22,27,4,4,0,0,1,1,1,19,0,6,7,6,11.0,0,0,6,6,5,12.2,0,1,0.0
2672,1,1,11,1,1,13,1,10,9,0,0,1,1,0,21,0,6,8,3,12.0,0,0,6,9,1,11.0,0,1,1.0
2683,1,8,6,1,1,1,14,6,10,0,0,1,1,0,22,0,5,8,3,13.0,0,0,5,8,3,10.666666666666666,0,0,1.0
2694,1,1,15,1,1,1,1,5,4,0,0,1,1,1,18,0,6,6,6,12.666666666666666,0,0,6,6,6,11.5,0,0,0.0
2712,1,1,9,1,1,22,28,8,10,0,1,1,0,1,19,0,5,11,2,11.5,0,0,5,10,0,0.0,0,1,0.0
2714,1,12,6,1,1,1,1,6,6,0,1,1,0,0,30,0,6,7,6,16.428571428571427,0,0,6,7,6,16.666666666666668,0,1,0.0
2727,1,8,12,1,1,23,14,6,8,0,0,1,0,1,18,0,8,8,7,14.312857142857142,0,0,8,8,7,14.312857142857142,0,0,0.0
2730,1,1,10,1,1,4,1,6,6,0,0,1,0,0,18,0,6,7,6,13.833333333333334,0,0,6,7,6,13.714285714285714,0,0,0.0
2736,1,8,12,1,1,1,27,10,10,0,0,1,0,1,19,0,7,7,7,13.385714285714286,0,0,8,8,8,15.925,0,0,0.0
2738,1,8,9,1,1,23,27,7,7,0,0,1,0,0,18,0,5,11,5,11.333333333333334,0,0,5,8,5,12.0,0,0,0.0
2742,1,1,10,1,1,22,27,5,5,0,0,1,0,0,21,0,6,7,6,13.333333333333334,0,0,6,6,6,14.5,0,0,0.0
2744,1,12,11,1,1,13,14,5,8,0,1,0,0,1,28,0,6,6,6,10.833333333333334,0,0,6,7,5,11.0,0,1,0.0
2747,1,13,4,1,1,3,2,3,7,0,0,0,1,0,36,0,6,8,0,0.0,0,0,6,10,0,0.0,0,1,1.0
2753,1,14,17,0,1,23,28,10,8,0,0,1,1,1,32,5,10,12,10,13.8,0,5,10,10,10,12.8,0,0,0.0
2766,1,4,12,1,3,22,27,8,8,0,0,1,0,0,27,0,8,8,7,14.414285714285716,0,0,8,8,7,14.414285714285716,0,0,0.0
2770,1,8,13,1,1,13,28,8,8,0,0,1,0,1,18,0,7,9,7,14.1,0,0,8,8,8,13.3125,0,0,0.0
2775,1,1,12,1,1,23,27,10,6,0,0,1,0,0,18,0,8,8,7,15.075714285714286,0,0,8,8,7,15.075714285714286,0,0,0.0
2781,1,1,16,1,1,19,27,10,10,0,1,0,0,0,20,0,6,12,3,10.333333333333334,0,0,6,14,1,11.0,0,1,0.0
2806,1,9,15,1,1,22,14,10,8,0,0,1,0,1,22,0,6,8,5,11.6,0,0,6,7,6,12.0,0,0,0.0
2810,1,1,16,1,1,23,27,10,10,0,0,1,0,1,19,0,6,6,6,12.5,0,0,6,6,6,12.833333333333334,0,0,0.0
2811,1,12,12,1,1,13,1,2,12,0,1,0,0,0,31,0,7,8,5,12.56,0,0,7,8,5,12.56,0,1,1.0
2822,1,15,10,1,1,1,28,5,10,0,0,1,0,1,19,3,6,6,6,15.5,0,2,6,7,6,13.571428571428571,0,0,0.0
2829,1,8,2,1,1,3,1,10,10,0,0,1,0,0,20,0,0,0,0,0.0,0,0,0,0,0,0.0,0,1,0.0
2830,1,8,9,1,1,13,28,4,11,0,0,1,0,0,19,0,5,8,5,12.6,0,0,5,9,4,11.6,0,0,0.0
2845,1,15,4,1,14,23,28,10,7,0,0,1,0,0,20,0,6,7,6,13.571428571428571,0,0,6,9,6,12.714285714285714,0,0,0.0
2852,1,17,4,1,16,1,1,22,29,0,1,1,0,0,21,7,13,21,11,11.909090909090908,0,5,11,14,11,10.727272727272728,0,0,0.0
2856,1,1,15,1,1,1,3,4,4,0,0,1,0,0,19,0,6,6,6,15.0,0,0,6,6,6,13.333333333333334,0,0,0.0
2857,1,1,2,1,1,1,1,5,4,0,0,1,0,1,18,0,0,0,0,0.0,0,0,0,0,0,0.0,0,1,0.0
2861,1,1,6,1,1,3,3,3,3,0,0,1,0,0,18,0,5,5,5,12.6,0,0,5,7,5,11.6,0,0,0.0
2862,2,12,3,0,1,22,27,10,10,0,0,1,0,0,50,0,6,8,6,12.666666666666666,0,0,6,6,6,11.833333333333334,0,0,1.0
2867,1,12,4,1,12,22,27,10,10,0,0,1,0,0,60,0,6,10,6,12.75,0,0,6,6,4,14.75,0,0,1.0
2876,1,12,13,1,1,3,3,5,5,0,1,0,0,0,54,0,7,7,0,0.0,0,0,5,10,0,0.0,0,1,1.0
2878,2,13,16,1,1,22,27,5,8,0,0,1,0,0,34,6,12,18,11,13.0,0,4,13,22,8,11.875,0,1,1.0
2879,4,12,3,0,1,23,27,6,8,0,0,1,0,0,45,0,6,13,4,12.5,0,0,6,8,3,11.666666666666666,0,1,1.0
2890,2,12,3,0,9,19,24,1,1,0,0,1,0,0,44,5,8,13,8,13.75,0,2,6,9,6,12.5,0,0,1.0
2897,1,14,12,1,1,3,3,3,3,0,0,1,0,0,18,0,7,8,7,13.6125,0,0,8,8,8,14.575,0,0,0.0
2904,1,12,3,0,1,22,27,10,8,0,0,1,0,0,37,0,6,13,4,12.0,0,0,6,10,3,12.0,0,1,1.0
2905,1,8,15,1,1,3,1,3,4,0,0,1,0,0,19,0,6,7,6,12.5,0,0,6,7,6,12.5,0,0,0.0
2917,1,1,12,1,1,23,28,8,8,0,0,1,0,0,19,0,7,9,6,12.97166666666667,0,0,8,9,7,12.321428571428571,0,0,0.0
2923,1,12,14,1,1,19,24,1,1,0,0,1,0,0,25,0,5,6,1,11.0,0,0,5,5,0,0.0,0,1,0.0
2935,1,14,15,1,1,19,24,12,12,0,1,1,0,0,23,0,6,11,1,16.0,0,0,6,8,4,12.25,0,1,0.0
2943,1,12,4,1,1,13,14,10,2,0,0,1,0,0,26,6,12,13,6,13.0,0,4,12,14,11,13.833333333333334,0,0,0.0
2950,2,1,4,1,1,13,28,6,6,0,0,1,0,0,20,0,6,11,6,14.125,0,0,6,10,5,12.6,0,0,0.0
2959,5,12,11,1,1,2,2,3,3,0,0,1,0,0,62,0,6,7,6,15.0,0,0,6,10,6,12.833333333333334,0,0,1.0
2960,1,1,14,1,1,1,1,10,2,0,0,1,0,1,20,0,6,8,4,11.75,0,0,6,10,6,12.666666666666666,0,0,0.0
2979,1,1,6,1,1,3,2,2,2,0,0,0,0,0,22,0,5,12,4,14.6,3,0,5,5,4,12.75,1,1,0.0
2982,1,8,12,1,1,3,14,6,6,0,0,1,0,1,19,0,7,7,7,13.801428571428572,0,0,8,8,8,14.575,0,0,0.0
2983,1,4,16,1,3,13,14,5,6,0,1,0,0,0,25,1,6,7,6,14.428571428571429,0,0,6,7,6,13.666666666666666,0,0,0.0
2988,1,8,2,1,1,3,3,4,4,0,0,0,0,0,19,6,12,12,12,13.0,0,4,11,14,11,13.25,0,0,0.0
2994,1,8,15,1,1,1,28,10,9,0,0,1,0,0,18,0,6,7,6,12.571428571428571,0,0,6,8,6,11.857142857142858,0,0,0.0
2996,1,8,10,1,1,13,1,1,6,0,0,1,0,0,18,0,6,9,5,11.833333333333334,0,0,6,7,5,13.8,0,0,0.0
2998,1,1,8,1,1,3,14,5,9,0,0,1,0,0,19,0,6,6,6,14.666666666666666,0,0,6,8,6,13.666666666666666,0,0,0.0
3010,1,8,6,1,1,3,2,3,4,0,0,1,0,0,20,0,6,14,6,15.75,0,0,6,8,6,13.0,0,0,0.0
3013,1,8,14,1,1,1,1,4,4,0,0,1,0,1,18,0,6,7,6,13.833333333333334,0,0,6,11,6,13.5,0,0,0.0
3015,1,1,12,1,1,23,1,6,7,0,0,1,0,0,18,0,7,9,7,14.711111111111112,0,0,8,9,8,14.627777777777778,0,0,0.0
3016,1,17,6,1,16,1,14,5,9,0,0,1,0,0,20,7,11,13,11,14.615384615384617,0,4,9,11,9,13.7,0,0,0.0
3018,1,7,6,1,1,22,27,10,10,0,0,1,0,1,19,0,5,8,5,13.166666666666666,2,0,5,5,5,12.8,0,0,0.0
3019,1,8,10,1,1,3,3,2,3,0,0,1,0,0,19,0,6,11,5,10.8,0,0,6,12,5,11.333333333333334,0,0,0.0
3027,1,1,15,1,1,26,1,5,4,0,0,1,0,0,19,0,6,6,4,12.0,0,0,6,11,3,11.333333333333334,0,1,0.0
3036,1,1,12,1,1,3,3,3,3,0,0,0,0,0,19,0,7,0,0,0.0,0,0,8,0,0,0.0,0,1,0.0
3048,1,1,9,1,1,1,14,4,4,0,0,1,0,1,18,0,5,7,5,13.333333333333334,0,0,5,6,5,13.6,0,0,0.0
3050,2,12,13,1,1,22,27,10,7,0,0,1,0,0,31,0,7,21,5,10.9,3,0,8,21,3,11.7,1,1,0.0
3061,1,8,11,1,1,10,27,10,10,0,0,1,0,0,18,0,6,15,2,10.0,0,0,6,12,0,0.0,0,1,0.0
3062,1,8,14,1,1,13,1,5,5,0,0,1,0,1,18,0,6,11,4,12.25,0,0,6,10,4,11.0,0,1,0.0
3064,1,8,10,1,1,23,1,8,8,0,0,1,0,1,19,0,6,8,5,12.2,0,0,6,7,6,11.5,0,0,0.0
3066,1,15,5,1,14,1,1,5,11,0,0,1,0,0,19,2,7,11,6,12.0,0,5,9,9,8,12.75,0,0,0.0
3084,1,1,5,1,1,22,14,10,4,0,0,1,0,0,20,0,6,8,5,12.2,0,0,6,6,6,11.5,0,0,0.0
3089,1,12,17,0,1,22,27,10,8,0,0,1,0,0,27,0,5,0,0,0.0,0,0,5,0,0,0.0,0,1,0.0
3090,1,1,10,1,1,22,27,10,10,0,0,1,0,0,19,0,6,10,4,10.25,0,0,6,8,6,10.714285714285714,0,0,0.0
3094,1,8,11,1,1,13,14,8,8,0,0,1,0,1,18,0,6,9,1,10.0,1,0,6,6,0,0.0,0,1,0.0
3100,1,1,12,1,1,23,14,4,11,0,0,1,0,0,19,0,7,10,7,13.47,0,0,8,8,8,13.32625,0,0,0.0
3102,1,12,14,1,1,22,27,10,10,0,0,0,0,0,26,0,6,9,3,11.75,0,0,6,11,4,11.5,3,1,0.0
3114,1,1,15,1,1,1,14,10,8,0,0,1,0,0,19,0,6,6,6,11.666666666666666,0,0,6,6,6,11.5,0,0,0.0
3137,1,12,6,1,3,2,3,5,8,0,0,1,0,0,25,1,6,7,6,16.857142857142858,0,1,6,6,6,16.5,0,0,0.0
3153,1,1,2,1,1,3,3,3,3,0,0,1,0,0,21,6,12,12,12,15.333333333333334,0,4,11,15,11,15.0,0,0,0.0
3167,1,12,17,0,1,13,28,10,9,1,0,1,0,0,24,0,5,7,3,10.666666666666666,0,0,5,7,3,10.5,0,1,0.0
3169,1,1,12,1,1,1,27,9,8,0,0,1,1,1,18,0,7,12,7,11.716666666666663,0,0,8,13,4,10.868,0,0,0.0
3172,1,8,11,1,1,10,28,6,8,0,1,1,0,0,18,0,6,7,5,12.2,0,0,6,10,4,12.25,0,1,0.0
3173,1,12,13,1,1,23,14,10,7,0,0,1,0,1,25,0,7,11,5,12.58,0,0,7,9,6,12.157142857142857,0,0,0.0
3201,1,1,15,1,1,1,3,5,2,0,0,1,1,0,18,0,6,7,6,14.166666666666666,0,0,6,6,6,12.833333333333334,0,0,1.0
3206,1,1,9,1,1,5,1,2,6,0,0,1,1,0,18,0,5,5,5,13.0,0,0,5,6,5,13.333333333333334,0,0,1.0
3212,1,1,11,1,1,3,2,5,6,0,0,1,1,1,20,0,6,9,6,12.571428571428571,0,0,6,6,6,12.166666666666666,0,0,0.0
3213,1,15,4,1,14,3,14,3,7,0,0,1,1,0,20,0,6,6,0,0.0,0,0,6,8,0,0.0,0,1,1.0
3221,1,12,13,1,1,22,28,10,10,0,1,0,0,1,24,0,7,14,5,12.36,0,1,8,15,5,12.0,0,1,0.0
3229,1,1,12,1,1,23,28,6,6,0,0,1,0,0,20,0,7,9,6,13.683333333333332,0,0,8,11,6,13.116666666666667,0,0,0.0
3234,1,1,12,1,1,1,1,5,4,0,0,1,0,0,18,0,7,10,7,13.78,0,0,8,10,8,13.661,0,0,0.0
3238,1,8,12,1,1,1,1,5,5,0,0,1,0,0,18,0,7,7,7,14.424285714285714,0,0,8,8,8,13.9375,0,0,0.0
3245,1,14,15,1,1,1,1,5,9,0,0,0,0,0,21,0,6,7,6,12.0,0,0,6,6,6,12.0,0,1,0.0
3246,1,8,15,1,1,2,3,3,3,0,0,1,0,1,18,0,6,6,6,14.833333333333334,0,0,6,6,6,13.5,0,0,0.0
3250,1,4,13,1,2,22,27,10,10,0,0,1,0,1,36,0,7,9,1,9.8,0,0,7,7,0,0.0,0,1,0.0
3255,1,8,14,1,1,1,12,5,6,0,0,1,0,0,18,0,5,7,4,11.4,0,0,5,5,4,11.25,0,0,0.0
3256,1,1,12,1,1,23,28,10,8,0,0,1,0,0,19,0,7,7,6,12.766666666666666,0,0,7,7,6,12.766666666666666,0,0,0.0
3262,1,12,3,0,1,10,5,10,5,0,1,0,0,0,37,0,6,6,0,0.0,0,0,5,5,0,0.0,0,1,1.0
3266,1,8,14,1,1,3,1,4,2,0,0,1,0,0,19,0,5,5,5,13.4,0,0,5,5,5,14.0,0,0,0.0
3281,2,4,3,0,3,20,25,12,12,0,0,0,0,0,59,10,15,22,12,13.333333333333334,0,8,8,8,8,12.875,0,1,1.0
3291,1,12,4,1,1,22,27,10,8,0,0,0,1,0,35,0,6,17,1,13.0,0,0,6,8,0,0.0,0,1,1.0
3292,1,1,10,1,1,22,27,1,1,0,0,1,0,0,27,0,6,13,2,11.0,0,0,6,14,1,11.0,0,1,0.0
3300,1,1,2,1,1,13,14,6,2,0,0,1,0,0,18,0,0,0,0,0.0,0,0,0,0,0,0.0,0,1,0.0
3304,1,15,3,0,14,1,27,10,8,0,0,1,0,1,21,3,6,6,6,14.666666666666666,0,2,6,6,6,13.833333333333334,0,0,0.0
3305,1,1,15,1,1,1,1,4,6,0,0,1,0,0,18,0,6,6,6,13.666666666666666,0,0,6,7,6,13.0,0,0,0.0
3307,1,4,3,0,3,13,27,6,4,0,0,1,0,0,32,7,11,13,11,13.454545454545457,0,5,11,13,7,12.428571428571429,0,0,1.0
3316,1,4,7,1,3,13,14,2,2,0,0,0,1,0,40,1,5,7,1,13.0,0,2,5,5,2,14.0,0,1,1.0
3317,1,1,2,1,1,1,1,5,10,0,0,1,1,1,18,0,0,0,0,0.0,0,0,0,0,0,0.0,0,0,0.0
3319,1,7,5,1,1,1,1,4,2,0,1,1,1,0,19,0,6,11,5,11.2,0,0,6,7,6,12.0,0,0,1.0
3326,2,14,17,0,1,22,27,10,10,0,0,1,1,0,30,6,10,14,9,12.333333333333334,0,7,10,12,8,12.0,0,0,1.0
3331,1,14,11,1,1,10,14,10,10,0,0,0,1,0,31,3,8,19,5,12.166666666666666,0,3,7,12,5,12.0,0,1,1.0
3332,1,8,7,1,1,1,1,10,10,0,1,0,1,0,21,0,5,9,2,11.0,0,0,5,8,2,11.5,2,1,1.0
3340,1,1,15,1,1,19,1,6,11,0,0,0,1,0,19,0,4,8,0,0.0,1,0,6,0,0,0.0,0,1,1.0
3345,1,1,11,1,1,22,28,10,9,0,0,1,1,0,19,0,6,13,2,12.0,0,0,6,12,1,13.0,0,1,1.0
3352,1,12,7,1,1,1,10,5,4,0,0,1,1,0,27,1,6,7,3,12.0,0,2,6,7,2,11.0,0,1,1.0
3353,1,1,15,1,1,23,1,6,8,0,0,1,1,1,18,0,6,7,6,12.714285714285714,0,0,6,8,5,11.833333333333334,0,0,0.0
3375,1,15,4,1,14,23,28,7,7,0,0,1,0,0,21,0,6,11,6,13.428571428571429,0,0,6,12,6,12.857142857142858,0,0,0.0
3380,1,12,12,1,1,13,14,10,9,0,0,1,0,0,26,0,7,12,3,13.766666666666666,0,0,7,11,3,12.066666666666668,0,1,0.0
3382,1,8,10,1,1,22,28,10,9,0,0,1,0,1,18,0,6,6,6,15.166666666666666,0,0,6,7,6,14.142857142857142,0,0,0.0
3383,4,4,9,1,3,13,1,6,6,0,0,1,0,0,35,0,5,5,0,0.0,0,0,5,5,0,0.0,0,1,0.0
3391,1,13,12,1,1,13,14,5,10,0,0,1,0,0,23,0,8,8,8,12.88625,0,0,8,8,8,12.88625,0,0,0.0
3393,1,1,9,1,1,22,28,10,10,0,0,1,0,1,19,0,5,7,5,12.2,0,0,5,6,5,11.2,0,0,0.0
3395,1,17,6,1,16,13,27,5,10,0,0,1,0,0,20,7,11,15,11,13.785714285714286,0,4,9,9,9,13.88888888888889,0,0,0.0
3397,1,1,12,1,1,22,27,10,8,0,0,1,0,1,18,0,8,8,8,14.50125,0,0,8,8,8,14.50125,0,0,0.0
3407,1,1,12,1,1,1,14,10,4,0,0,1,0,1,18,0,8,8,8,14.15375,0,0,8,8,8,14.15375,0,0,0.0
3408,1,1,12,1,1,1,1,5,6,0,0,0,0,0,18,0,8,8,0,0.0,8,0,8,8,0,0.0,8,1,0.0
3421,1,15,6,1,14,22,28,10,7,0,0,1,0,0,23,0,6,7,0,0.0,0,0,6,7,0,0.0,0,1,0.0
3430,1,16,5,1,1,13,14,25,32,0,0,1,0,1,23,0,6,6,6,15.333333333333334,0,0,6,6,6,14.166666666666666,0,0,0.0
3431,1,1,12,1,1,1,1,5,5,0,0,1,0,0,18,0,8,8,7,14.2,0,0,8,8,7,14.2,0,0,0.0
3434,1,1,15,1,1,1,28,9,9,0,0,1,0,1,18,0,6,6,6,13.833333333333334,0,0,6,6,6,14.0,0,1,0.0
3439,1,8,13,1,1,22,28,10,9,0,0,1,0,0,19,0,7,16,2,12.75,0,0,7,12,2,11.0,0,1,0.0
3444,1,1,5,1,1,1,14,4,4,0,0,0,0,0,18,1,6,8,6,11.714285714285714,1,0,6,11,4,11.333333333333334,0,1,0.0
3448,1,1,15,1,1,13,27,10,7,0,0,1,0,1,19,0,6,6,6,13.0,0,0,6,7,6,13.0,0,0,0.0
3454,1,8,9,1,1,22,27,10,10,0,0,0,0,0,22,0,5,9,2,10.0,1,0,5,11,1,10.0,0,1,0.0
3465,2,12,9,1,1,22,27,10,10,0,0,1,0,0,35,0,1,1,0,0.0,1,0,5,0,0,0.0,0,1,1.0
3479,1,1,11,1,1,23,27,10,8,0,0,1,1,1,19,0,6,6,6,13.0,0,0,6,6,6,13.166666666666666,0,0,0.0
3485,2,12,14,1,1,13,28,10,10,0,0,1,1,0,36,0,6,13,3,11.333333333333334,0,0,6,12,5,11.4,0,1,1.0
3487,1,1,14,1,1,1,1,1,1,0,0,0,1,0,19,0,5,5,0,0.0,0,0,6,0,0,0.0,0,1,1.0
3493,1,4,7,1,3,22,27,10,10,0,0,0,1,0,33,0,5,6,0,0.0,0,0,5,5,0,0.0,0,1,1.0
3495,1,1,4,1,1,23,14,10,8,0,0,1,1,0,19,0,6,8,6,15.5,0,0,6,10,6,14.1,0,0,1.0
3498,1,1,15,1,1,23,28,6,8,0,0,1,1,1,18,0,6,8,6,12.666666666666666,0,0,6,6,6,13.5,0,0,0.0
3504,1,1,14,1,1,1,1,6,10,0,0,1,1,1,18,0,6,8,6,12.166666666666666,0,0,6,7,5,13.0,0,0,0.0
3506,1,8,11,1,1,22,27,6,2,0,0,0,1,0,29,0,6,12,0,0.0,0,0,6,6,0,0.0,6,1,1.0
3521,1,8,2,1,1,22,27,8,10,0,0,1,1,0,24,12,17,19,13,11.642857142857142,0,12,17,25,12,11.25,0,1,1.0
3525,1,15,4,1,14,13,28,7,8,0,0,1,1,0,19,0,6,8,6,12.714285714285714,0,0,6,9,6,13.5,0,0,1.0
3538,1,8,11,1,1,13,27,6,6,0,0,1,1,0,19,0,6,12,4,12.5,0,0,6,12,4,10.25,0,1,1.0
3557,1,12,4,1,1,1,1,10,5,0,0,0,1,0,25,0,6,0,0,0.0,0,0,6,0,0,0.0,0,1,1.0
3561,1,8,15,1,1,1,27,6,6,0,0,1,1,0,19,0,6,7,6,13.833333333333334,0,0,6,8,6,13.625,0,0,1.0
3564,1,15,7,1,14,13,3,4,5,0,1,0,1,0,23,0,5,5,0,0.0,0,0,5,5,0,0.0,0,1,1.0
3580,1,15,4,1,14,13,1,10,9,0,0,1,1,0,21,0,6,12,5,13.625,0,0,6,6,5,12.6,0,0,1.0
3584,1,12,3,0,1,3,14,5,8,0,0,1,1,0,39,3,9,10,9,13.22222222222222,0,2,7,8,7,13.142857142857142,0,0,1.0
3588,1,9,15,1,1,23,27,10,9,0,0,1,1,1,21,0,6,8,5,13.833333333333334,0,0,6,6,4,14.0,0,0,0.0
3593,1,1,15,1,1,13,28,9,4,0,1,1,1,0,18,0,6,6,6,13.0,0,0,6,7,5,11.8,0,1,1.0
3598,1,7,15,1,1,22,27,10,4,0,0,1,0,1,18,0,6,7,6,12.666666666666666,0,0,6,8,5,12.8,0,0,0.0
3622,1,1,10,1,1,13,27,10,10,0,0,1,0,1,18,0,6,6,6,13.166666666666666,0,0,6,6,6,16.0,0,0,0.0
3626,1,8,3,0,1,19,24,1,1,0,0,1,0,0,26,4,7,15,7,11.571428571428571,0,2,6,14,2,11.0,0,1,0.0
3628,1,1,2,1,1,3,27,10,10,0,0,1,0,0,18,0,0,0,0,0.0,0,0,0,0,0,0.0,0,1,0.0
3633,1,12,11,1,1,22,27,5,7,0,0,1,0,0,33,5,10,14,9,12.416666666666666,0,5,9,14,7,13.0,0,0,1.0
3635,1,13,12,1,6,22,1,10,5,0,0,1,0,0,21,12,21,33,18,14.933333333333334,12,12,21,33,18,14.933333333333334,12,0,0.0
3639,1,1,14,1,1,1,14,5,5,0,0,1,0,1,18,0,6,8,6,14.0,0,0,6,7,6,13.285714285714286,0,0,0.0
3647,1,8,10,1,1,22,27,9,7,0,0,1,0,0,21,0,6,0,0,0.0,0,0,6,0,0,0.0,0,1,0.0
3662,1,1,6,1,1,23,28,10,11,0,0,1,0,0,18,0,5,7,3,12.333333333333334,0,0,5,9,5,12.6,0,0,0.0
3674,1,1,5,1,1,1,1,4,6,0,0,1,0,1,20,0,6,6,6,12.666666666666666,0,0,6,8,6,13.0,0,0,0.0
3678,1,8,14,1,1,1,14,20,18,0,0,1,0,0,22,0,6,6,6,15.166666666666666,0,0,6,6,6,16.0,0,0,0.0
3693,1,8,7,1,1,13,27,10,8,0,0,1,1,1,19,0,5,9,5,12.6,0,0,5,8,2,12.5,0,1,0.0
3704,1,9,14,1,1,22,28,5,2,0,0,1,1,0,19,0,6,6,6,14.166666666666666,0,0,6,6,6,14.0,0,0,1.0
3707,1,8,2,1,1,22,27,6,11,0,0,1,1,0,22,0,0,0,0,0.0,0,0,0,0,0,0.0,0,0,1.0
3709,1,8,14,1,1,1,14,6,4,0,0,1,1,0,21,0,5,7,3,12.333333333333334,0,0,5,5,4,11.25,0,1,1.0
3716,1,15,8,1,14,4,4,3,11,0,0,1,1,0,20,1,5,8,2,11.5,0,1,5,13,2,11.5,0,1,1.0
3717,1,1,2,1,1,22,27,10,10,0,0,1,1,0,18,0,0,0,0,0.0,0,0,0,0,0,0.0,0,0,1.0
3730,1,14,12,1,1,1,28,8,8,1,0,1,1,0,23,0,7,10,6,12.733333333333334,0,0,8,10,7,11.95,0,0,1.0
3738,1,8,7,1,1,3,1,10,4,0,0,1,1,0,18,0,5,5,5,13.6,0,0,5,6,5,14.6,0,0,1.0
3742,1,8,14,1,1,13,28,8,10,0,0,1,0,1,19,0,6,9,5,13.5,0,0,6,6,6,14.0,0,0,0.0
3744,1,8,16,1,1,10,1,5,1,0,0,1,0,0,18,0,6,12,0,0.0,0,0,6,12,0,0.0,0,1,0.0
3745,1,1,2,1,1,3,1,5,4,0,0,0,0,0,19,0,0,0,0,0.0,0,0,0,0,0,0.0,0,0,0.0
3746,1,1,12,1,1,1,1,5,5,0,0,1,0,1,19,0,8,8,8,12.82875,0,0,8,8,8,12.82875,0,0,0.0
3750,1,8,12,1,1,23,28,8,8,0,0,1,0,0,19,0,8,8,7,13.937142857142858,0,0,8,8,7,13.937142857142858,0,0,0.0
3751,1,1,5,1,1,3,1,3,11,0,0,1,0,0,20,7,12,12,10,14.7,0,8,12,12,12,14.583333333333334,0,0,0.0
3756,1,12,3,0,1,22,27,10,10,0,0,1,0,0,58,0,6,14,5,12.4,0,0,6,10,5,11.6,0,0,1.0
3765,1,1,12,1,1,22,28,7,7,0,0,1,0,1,22,0,7,9,6,13.081666666666669,0,0,8,12,6,13.15,0,0,0.0
3769,1,1,15,1,1,1,1,5,5,0,0,1,0,1,18,0,6,6,6,13.166666666666666,0,0,6,7,5,13.2,0,1,0.0
3775,1,1,6,1,1,22,27,5,10,0,1,1,0,0,29,4,5,11,4,12.5,2,1,5,11,2,12.5,0,1,0.0
3784,1,4,3,0,15,22,14,10,4,0,0,1,0,0,36,6,10,15,4,13.0,0,5,9,10,4,13.75,0,1,1.0
3786,1,8,2,1,1,1,1,3,4,0,0,1,1,0,20,0,0,0,0,0.0,0,0,0,0,0,0.0,0,1,1.0
3803,1,14,3,0,8,19,24,1,1,0,0,1,0,0,30,3,9,11,9,12.666666666666666,0,2,7,7,7,12.142857142857142,0,0,0.0
3808,4,11,5,1,2,19,24,1,1,0,0,1,0,0,53,15,18,18,17,13.176470588235292,0,13,18,18,16,13.0,0,1,1.0
3821,1,12,4,1,1,1,28,6,7,0,0,1,1,0,26,0,6,9,0,0.0,0,0,6,6,0,0.0,0,1,1.0
3830,1,1,12,1,1,1,1,5,5,0,0,1,1,0,18,0,8,8,7,12.365714285714288,0,0,8,8,7,12.365714285714288,0,0,1.0
3838,1,1,9,1,1,23,1,10,9,0,0,1,1,0,21,0,5,9,1,10.0,0,0,5,10,1,10.0,0,1,1.0
3853,2,1,4,1,1,22,27,10,10,0,1,1,1,0,35,14,17,17,14,10.642857142857142,1,12,12,12,12,10.666666666666666,0,1,1.0
3862,1,1,15,1,1,13,28,10,10,0,0,1,1,1,18,0,6,6,5,12.0,0,0,6,6,6,12.833333333333334,0,0,0.0
3864,1,14,6,1,1,3,14,5,7,0,1,0,1,0,34,2,6,13,3,11.333333333333334,0,0,6,8,2,11.5,0,1,1.0
3865,1,8,15,1,1,1,1,5,6,0,0,1,1,0,20,0,6,15,2,12.0,0,0,6,12,0,0.0,0,1,1.0
3869,1,12,6,1,1,1,1,5,5,0,1,0,1,0,31,0,5,13,4,13.5,1,0,5,12,3,11.666666666666666,1,1,1.0
3881,1,1,11,1,1,1,14,6,8,0,0,1,0,1,20,0,6,6,6,13.833333333333334,0,0,6,6,6,15.0,0,0,0.0
3884,1,4,12,1,3,1,27,10,6,0,0,1,0,0,30,0,8,8,7,15.675714285714283,0,0,8,8,7,15.675714285714283,0,0,0.0
3915,1,1,9,1,1,22,27,10,7,0,0,1,0,0,18,0,5,6,5,13.0,0,0,5,5,5,14.0,0,0,0.0
3930,1,1,15,1,1,1,1,6,10,0,0,1,0,1,18,0,6,6,6,13.333333333333334,0,0,6,6,6,14.166666666666666,0,0,0.0
3931,1,1,8,1,1,3,1,5,10,0,0,1,0,0,18,0,6,8,6,14.5,0,0,6,9,6,12.857142857142858,0,0,0.0
3932,1,4,17,0,15,13,14,8,4,0,0,1,0,0,26,5,10,13,8,12.666666666666666,0,5,10,12,10,13.4,0,0,0.0
3938,1,1,12,1,1,13,1,6,6,0,0,1,0,0,19,0,7,7,7,14.20857142857143,0,0,8,9,8,15.127777777777778,0,0,0.0
3944,5,12,4,1,1,1,1,5,9,0,1,0,0,0,27,0,6,6,0,0.0,0,0,6,7,0,0.0,0,1,0.0
3946,1,8,2,1,1,3,1,3,7,0,0,1,0,1,18,0,0,0,0,0.0,0,0,0,0,0,0.0,0,0,0.0
3947,1,8,13,1,1,23,27,4,8,0,0,1,0,0,21,0,7,0,0,0.0,0,0,7,0,0,0.0,0,1,0.0
3948,2,12,14,1,1,22,14,10,5,0,0,1,0,1,43,0,6,8,5,11.0,0,0,6,9,5,13.0,0,0,0.0
3951,1,4,9,1,3,6,19,2,8,0,0,1,0,0,26,0,5,5,0,0.0,0,0,5,0,0,0.0,0,1,0.0
3958,1,8,12,1,1,13,14,4,11,0,0,1,0,0,18,0,7,7,7,13.971428571428572,0,0,8,8,8,15.75,0,0,0.0
3960,1,12,6,1,1,22,27,10,10,0,0,0,0,0,32,0,6,0,0,0.0,0,0,6,0,0,0.0,0,1,1.0
3964,1,8,10,1,1,13,14,5,6,0,1,0,0,0,19,0,6,10,5,11.714285714285714,0,0,6,13,2,10.666666666666666,0,1,0.0
3982,1,8,12,1,1,1,14,5,4,0,0,1,0,0,19,0,7,13,5,12.5,0,0,8,14,7,12.166666666666666,0,0,0.0
3985,1,8,5,1,1,22,28,10,9,0,0,1,0,0,20,0,6,6,6,12.5,0,0,6,6,6,12.666666666666666,0,0,0.0
3986,1,1,15,1,1,22,27,10,10,0,0,1,0,0,18,0,6,14,4,11.25,0,0,6,9,5,13.0,0,0,0.0
3987,1,1,12,1,1,1,1,5,4,0,0,1,0,0,18,0,7,7,6,15.25,0,0,7,7,6,15.25,0,0,0.0
3991,1,1,16,1,1,13,27,6,6,0,0,1,0,0,19,0,7,10,4,10.5,0,0,7,7,2,10.5,0,1,0.0
3992,1,8,10,1,1,23,14,24,36,0,0,1,0,1,18,0,6,8,6,12.833333333333334,0,0,6,6,6,12.166666666666666,0,0,0.0
3993,1,1,15,1,1,22,27,10,10,0,1,0,0,1,20,0,6,6,6,12.5,0,0,6,7,5,11.8,0,0,0.0
4000,2,12,7,1,1,19,24,10,10,0,0,0,1,0,34,0,5,5,0,0.0,0,0,5,5,0,0.0,0,1,1.0
4014,1,8,12,1,1,13,28,8,8,0,0,1,0,1,18,0,7,7,7,14.838571428571427,0,0,8,9,8,14.8,0,0,0.0
4021,1,1,3,0,1,3,1,2,8,0,0,1,0,0,26,2,8,11,7,12.75,0,2,7,7,7,12.285714285714286,0,0,0.0
4026,1,12,4,1,1,22,27,10,6,0,0,1,0,0,41,8,12,17,12,11.833333333333334,0,3,12,22,9,12.7,0,0,1.0
4040,1,1,6,1,1,3,1,3,5,0,0,1,0,0,18,0,5,12,5,14.5,2,0,5,5,5,13.6,0,0,0.0
4047,2,1,12,1,1,1,1,10,11,0,0,1,0,0,18,0,8,8,7,13.9,0,0,8,8,7,13.9,0,0,0.0
4048,1,1,12,1,1,23,27,10,8,0,0,1,0,1,20,0,8,8,7,13.817142857142857,0,0,8,8,7,13.817142857142857,0,0,0.0
4049,1,17,13,1,16,1,14,5,6,0,0,1,0,1,22,1,7,10,6,13.314285714285717,0,2,8,10,7,12.875,0,0,0.0
4050,1,1,8,1,1,19,1,1,1,0,0,1,0,0,18,0,6,0,0,0.0,0,0,6,0,0,0.0,0,1,0.0
4052,1,1,11,1,1,22,27,10,10,0,0,0,0,1,20,0,6,12,4,11.25,0,0,6,12,3,11.333333333333334,0,1,0.0
4055,1,12,6,1,1,3,14,3,10,0,0,1,0,0,28,0,6,15,4,12.0,0,0,6,14,4,12.0,0,1,0.0
4060,1,3,8,1,1,5,33,3,3,0,0,1,0,0,18,0,6,6,6,15.0,0,0,6,6,6,14.833333333333334,0,0,0.0
4066,1,1,13,1,1,13,28,10,10,0,0,1,0,1,20,0,7,10,7,11.88888888888889,0,0,8,10,8,11.95625,0,0,0.0
4068,1,1,14,1,1,1,1,6,8,0,0,1,0,1,18,0,5,6,5,11.8,0,0,5,5,5,12.6,0,0,0.0
4070,1,9,12,1,1,3,3,4,4,0,0,1,0,0,18,0,7,7,7,14.05714285714286,0,0,8,9,8,14.6,0,0,0.0
4074,1,9,12,1,1,23,27,5,10,0,0,1,0,1,20,0,7,10,7,12.625,0,0,8,8,8,13.0625,0,0,0.0
4080,1,1,2,1,1,22,27,8,10,0,0,0,0,1,18,0,0,0,0,0.0,0,0,0,0,0,0.0,0,1,0.0
4085,1,15,8,1,14,1,27,4,4,0,1,0,0,0,36,2,6,9,6,12.0,0,1,6,8,3,14.666666666666666,0,1,1.0
4093,1,1,15,1,1,22,28,8,8,0,0,1,0,1,18,0,6,6,6,12.166666666666666,0,0,6,7,6,12.142857142857142,0,0,0.0
4095,1,1,12,1,1,23,27,10,9,0,0,1,0,1,19,0,7,7,6,15.433333333333332,0,0,7,7,6,15.433333333333332,0,0,0.0
4097,1,14,17,0,3,22,27,10,10,0,0,1,0,0,37,7,14,21,12,11.833333333333334,0,11,12,15,11,11.363636363636363,0,0,1.0
4099,1,9,10,1,1,23,24,5,1,0,0,1,0,0,18,0,1,1,0,0.0,1,0,6,0,0,0.0,0,1,0.0
4108,1,8,12,1,1,22,28,5,6,0,0,1,0,0,19,0,8,8,7,15.11,0,0,8,8,7,15.11,0,0,0.0
4111,1,1,12,1,1,13,27,10,10,0,0,1,0,0,20,0,7,7,7,13.775714285714288,0,0,8,8,8,15.599999999999998,0,0,0.0
4112,4,12,12,1,1,23,27,8,8,0,0,1,0,0,24,0,8,11,7,12.16,0,0,8,11,7,12.16,0,0,0.0
4113,4,12,13,1,1,23,27,8,8,0,0,1,0,0,24,0,7,0,0,0.0,0,0,7,0,0,0.0,0,1,0.0
4114,1,8,15,1,1,2,1,3,8,0,0,1,0,0,20,0,6,6,6,14.333333333333334,0,0,6,6,6,15.5,0,0,0.0
4118,1,1,6,1,1,2,1,5,4,0,0,1,0,0,21,0,5,6,5,12.2,0,0,5,5,5,13.2,0,0,0.0
4120,1,8,12,1,1,13,1,6,4,0,0,1,0,1,19,0,8,8,7,12.485714285714286,0,0,8,8,7,12.485714285714286,0,0,0.0
4122,1,8,10,1,1,13,14,8,8,0,0,1,0,0,19,0,6,7,5,10.8,0,0,6,9,6,10.166666666666666,0,0,0.0
4149,1,14,12,1,1,23,27,10,9,0,0,1,0,0,21,11,14,26,12,13.417391304347827,1,11,14,26,12,13.417391304347827,1,0,0.0
4150,1,1,15,1,1,19,18,1,7,0,0,1,0,0,18,0,6,6,6,15.166666666666666,0,0,6,7,6,14.857142857142858,0,0,0.0
4152,1,1,6,1,1,8,14,12,12,0,0,1,0,0,18,0,5,6,5,13.333333333333334,0,0,5,7,4,14.8,0,0,0.0
4169,1,1,15,1,1,22,27,1,6,0,0,1,0,0,20,0,4,8,0,0.0,0,0,4,8,0,0.0,0,1,0.0
4176,1,1,11,1,1,13,1,8,10,0,0,1,0,1,18,0,6,6,6,12.666666666666666,0,0,6,6,6,12.5,0,0,0.0
4178,1,1,12,1,1,13,28,8,10,0,0,1,0,1,21,0,7,9,7,13.2,0,0,8,9,7,13.2575,0,0,0.0
4181,1,14,16,1,1,22,27,10,10,0,1,0,0,0,28,0,6,0,0,0.0,0,0,5,10,0,0.0,0,1,0.0
4205,1,1,12,1,1,1,27,5,10,0,0,1,0,0,19,0,7,7,6,13.533333333333331,0,0,7,7,6,13.533333333333331,0,0,0.0
4225,1,15,10,1,14,23,14,6,1,0,0,1,0,0,21,3,6,7,6,12.571428571428571,0,2,6,6,6,13.5,0,0,0.0
4230,2,14,12,1,1,3,3,3,3,0,0,1,0,0,28,0,7,8,7,14.95,0,0,8,8,8,14.7375,0,0,0.0
4240,1,16,6,1,1,1,1,10,5,0,0,1,0,0,22,0,6,8,6,14.833333333333334,0,0,6,10,5,13.833333333333334,0,0,0.0
4253,1,9,16,1,1,13,27,10,5,0,1,0,0,0,19,0,7,11,5,12.2,0,0,7,13,0,0.0,0,1,0.0
4258,1,1,12,1,1,13,14,8,8,0,0,1,0,0,19,0,8,11,7,12.545714285714286,0,0,8,11,7,12.545714285714286,0,0,0.0
4262,1,8,9,1,1,1,27,4,8,0,0,1,0,0,19,0,5,10,5,13.285714285714286,0,0,5,8,5,13.0,0,0,0.0
4263,2,12,17,0,9,22,1,10,5,0,0,1,1,0,30,0,5,7,3,11.666666666666666,0,0,5,8,1,11.0,0,1,1.0
4270,1,8,5,1,1,22,28,10,8,0,0,1,1,1,18,0,6,6,6,13.666666666666666,0,0,6,6,6,12.0,0,0,0.0
4277,1,8,7,1,1,13,27,12,6,0,0,1,1,0,21,0,5,10,1,10.0,0,0,5,8,3,13.666666666666666,3,1,1.0
4297,1,1,15,1,1,23,27,10,7,0,0,1,1,1,19,0,6,8,5,14.0,0,0,6,8,6,13.0,0,0,0.0
4299,1,8,9,1,1,23,28,10,9,0,0,1,1,0,18,0,5,13,1,10.0,0,0,5,5,1,10.0,0,1,1.0
4300,1,15,4,1,14,1,27,7,7,0,0,1,1,0,20,0,6,14,5,11.714285714285714,0,0,6,15,5,12.0,0,0,1.0
4313,1,14,16,1,1,2,29,3,6,0,0,1,1,0,37,19,21,21,21,12.476190476190476,0,13,19,19,19,12.210526315789474,0,0,1.0
4318,1,1,2,1,1,1,1,10,8,0,0,0,0,0,19,6,12,12,12,15.25,0,4,11,12,11,15.0,0,0,0.0
4319,1,8,15,1,1,13,28,10,10,0,0,1,1,1,19,0,6,9,5,12.4,0,0,6,6,6,13.166666666666666,0,0,0.0
4331,1,8,2,1,1,22,14,6,10,0,0,1,0,0,23,0,0,0,0,0.0,0,0,0,0,0,0.0,0,1,0.0
4334,1,1,11,1,1,23,14,10,11,0,0,1,0,0,18,0,6,6,6,12.5,0,0,6,6,6,12.666666666666666,0,0,0.0
4341,1,8,12,1,1,13,27,6,10,0,0,1,0,0,18,0,8,8,7,14.24,0,0,8,8,7,14.24,0,0,0.0
4347,1,8,9,1,1,1,1,5,5,0,0,1,0,0,19,0,5,9,2,11.0,0,0,5,12,2,10.0,0,1,0.0
4356,1,12,6,1,12,22,27,5,9,0,0,1,0,0,35,0,6,11,3,12.666666666666666,0,0,6,7,0,0.0,0,1,1.0
4363,1,8,16,1,1,19,24,1,1,0,0,1,0,0,18,0,6,10,2,10.5,0,0,6,13,0,0.0,0,1,0.0
4366,1,1,14,1,1,3,14,4,10,0,0,1,1,0,18,0,6,9,6,13.571428571428571,0,0,6,11,4,14.0,0,0,1.0
4368,1,12,17,0,1,22,27,10,10,0,0,0,1,0,25,0,5,5,0,0.0,0,0,5,5,0,0.0,0,1,1.0
4375,1,14,17,0,1,22,27,10,10,0,0,1,0,0,27,0,5,5,0,0.0,0,0,5,5,0,0.0,0,1,0.0
4377,2,14,17,0,1,22,27,10,10,0,0,1,0,0,28,14,15,15,14,11.071428571428571,0,12,14,16,12,11.333333333333334,1,1,0.0
4401,1,4,6,1,3,13,27,12,12,0,0,1,1,0,24,3,5,10,3,14.666666666666666,1,0,5,5,0,0.0,0,1,1.0
4404,2,12,8,1,12,2,1,9,9,0,1,0,1,0,28,0,6,12,1,11.0,0,0,6,9,2,10.5,0,1,1.0
4407,1,1,15,1,1,1,14,5,5,0,0,1,1,0,18,0,6,6,6,12.833333333333334,0,0,6,7,6,13.285714285714286,0,0,1.0
4410,1,1,5,1,1,22,14,10,5,0,0,1,1,1,20,1,6,7,6,13.5,0,1,6,9,5,12.5,0,0,0.0
4411,1,15,8,1,14,22,27,10,4,0,0,1,1,0,21,1,6,8,6,12.5,0,0,6,11,3,13.333333333333334,0,1,1.0
4417,1,1,5,1,1,1,1,10,10,0,0,1,0,1,20,0,6,6,6,13.833333333333334,0,0,6,6,6,13.5,0,0,0.0
